project,cohort,sample_id,target_sites,n_target_sites,total_spanning_reads,parsed_alignments_until_target,n_unique_read_combos,sample_top1_combo,sample_top2_combo,n_top1,n_top2,n_rest_after_sample_top2,pct_sample_top1,pct_sample_top2,pct_sample_top2_combined,pct_rest_after_sample_top2,has_two_read_patterns
PRJNA1037681,Australia,SRR26779971,5510;5520;5544;5558;5563,5,351,120218,3,G-A-T-A-T,A-T-C-G-C,327,23,1,93.16239316239316,6.552706552706552,99.71509971509973,0.2849002849002849,True
PRJNA1037681,Australia,SRR26779974,5510;5520;5544;5558;5563,5,714,366799,9,G-A-T-A-T,A-T-C-G-C,611,64,39,85.57422969187675,8.96358543417367,94.53781512605042,5.46218487394958,True
PRJNA1037681,Australia,SRR26779980,5510;5520;5544;5558;5563,5,999,305490,8,G-A-T-A-T,A-T-C-G-C,913,45,41,91.3913913913914,4.504504504504505,95.8958958958959,4.1041041041041035,True
PRJNA1037681,Australia,SRR26779981,5510;5520;5544;5558;5563,5,508,240224,9,G-A-T-A-T,A-T-C-G-C,430,45,33,84.64566929133859,8.858267716535433,93.50393700787401,6.496062992125983,True
PRJNA1037681,Australia,SRR26779985,5510;5520;5544;5558;5563,5,722,313471,11,G-A-T-A-T,A-T-C-G-C,627,51,44,86.8421052631579,7.063711911357341,93.90581717451524,6.094182825484765,True
PRJNA1037681,Australia,SRR26779994,5510;5520;5544;5558;5563,5,417,175319,8,G-A-T-A-T,A-T-C-G-C,385,16,16,92.32613908872902,3.8369304556354913,96.1630695443645,3.8369304556354913,True
PRJNA1037681,Australia,SRR26780031,5510;5520;5544;5558;5563,5,150,89154,5,G-A-T-A-T,A-T-C-G-C,139,6,5,92.66666666666666,4.0,96.66666666666667,3.3333333333333335,True
PRJNA1037681,Australia,SRR26780034,5510;5520;5544;5558;5563,5,261,119402,4,G-A-T-A-T,A-T-C-G-C,239,16,6,91.57088122605363,6.130268199233716,97.70114942528735,2.2988505747126435,True
PRJNA1037681,Australia,SRR26780048,5510;5520;5544;5558;5563,5,116,69775,5,G-A-T-A-T,A-T-C-G-C,104,6,6,89.65517241379311,5.172413793103448,94.82758620689656,5.172413793103448,True
PRJNA1037681,Australia,SRR26780067,5510;5520;5544;5558;5563,5,133,162381,4,G-A-T-A-T,A-T-C-G-C,122,8,3,91.72932330827066,6.015037593984962,97.74436090225564,2.2556390977443606,True
PRJNA1037681,Australia,SRR26780112,5510;5520;5544;5558;5563,5,264,193547,6,G-A-T-A-T,A-T-C-G-C,233,12,19,88.25757575757575,4.545454545454546,92.8030303030303,7.196969696969697,True
PRJNA1037681,Australia,SRR26780119,5510;5520;5544;5558;5563,5,417,141480,5,G-A-T-A-T,A-T-C-G-C,386,23,8,92.56594724220624,5.515587529976019,98.08153477218225,1.9184652278177456,True
PRJNA1037681,Australia,SRR26780123,5510;5520;5544;5558;5563,5,448,174843,6,G-A-T-A-T,A-T-C-G-C,422,16,10,94.19642857142857,3.571428571428571,97.76785714285714,2.232142857142857,True
PRJNA1037681,Australia,SRR26780126,5510;5520;5544;5558;5563,5,172,117666,5,G-A-T-A-T,A-T-C-G-C,145,21,6,84.30232558139535,12.209302325581394,96.51162790697676,3.488372093023256,True
PRJNA1037681,Australia,SRR26780127,5510;5520;5544;5558;5563,5,165,83028,4,G-A-T-A-T,A-T-C-G-C,147,14,4,89.0909090909091,8.484848484848486,97.57575757575758,2.4242424242424243,True
PRJNA1037681,Australia,SRR26780146,5510;5520;5544;5558;5563,5,858,445652,6,G-A-T-A-T,A-T-C-G-C,782,53,23,91.14219114219114,6.177156177156177,97.31934731934732,2.6806526806526807,True
PRJNA1037681,Australia,SRR26780187,5510;5520;5544;5558;5563,5,1070,479235,7,G-A-T-A-T,A-T-C-G-C,990,59,21,92.5233644859813,5.514018691588785,98.03738317757009,1.9626168224299065,True
PRJNA1037681,Australia,SRR26780205,5510;5520;5544;5558;5563,5,171,87151,5,G-A-T-A-T,A-T-C-G-C,154,10,7,90.05847953216374,5.847953216374268,95.90643274853801,4.093567251461988,True
PRJNA1037681,Australia,SRR26780206,5510;5520;5544;5558;5563,5,1195,591684,9,G-A-T-A-T,A-T-C-G-C,1092,58,45,91.3807531380753,4.853556485355648,96.23430962343096,3.765690376569038,True
PRJNA1037681,Australia,SRR26780211,5510;5520;5544;5558;5563,5,354,112073,6,G-A-T-A-T,A-T-C-G-C,332,10,12,93.78531073446328,2.824858757062147,96.61016949152543,3.389830508474576,True
PRJNA1037681,Australia,SRR26780216,5510;5520;5544;5558;5563,5,617,261153,6,G-A-T-A-T,A-T-C-G-C,571,19,27,92.54457050243113,3.079416531604538,95.62398703403565,4.376012965964344,True
PRJNA1037681,Australia,SRR26780219,5510;5520;5544;5558;5563,5,804,239185,10,G-A-T-A-T,A-T-C-G-C,747,25,32,92.91044776119402,3.109452736318408,96.01990049751244,3.9800995024875623,True
PRJNA1037681,Australia,SRR26780237,5510;5520;5544;5558;5563,5,1392,688200,11,G-A-T-A-T,A-T-C-G-C,1248,96,48,89.65517241379311,6.896551724137931,96.55172413793103,3.4482758620689653,True
PRJNA1130896,United States,SRR29679716,5531;5561,2,1035,500580,3,C-C,T-T,929,105,1,89.7584541062802,10.144927536231885,99.90338164251207,0.0966183574879227,True
PRJNA1130896,United States,SRR29679723,5531;5561,2,4188,1454661,4,C-C,T-T,3641,536,11,86.93887297039159,12.79847182425979,99.73734479465138,0.2626552053486151,True
PRJNA1130896,United States,SRR29679728,5531;5561,2,1997,762754,4,C-C,T-T,1668,324,5,83.52528793189785,16.224336504757137,99.74962443665498,0.25037556334501754,True
PRJNA1130896,United States,SRR29679729,5531;5561,2,3101,1310194,6,C-C,T-T,2442,649,10,78.74879071267333,20.92873266688165,99.67752337955498,0.32247662044501774,True
PRJNA1130896,United States,SRR29679738,5531;5561,2,3070,1002728,4,C-C,T-T,2750,318,2,89.57654723127035,10.35830618892508,99.93485342019544,0.06514657980456026,True
PRJNA1130896,United States,SRR29679814,5531;5561,2,3142,1418122,5,C-C,T-T,1906,1228,8,60.661998726925525,39.08338637810312,99.74538510502865,0.2546148949713558,True
PRJNA1130896,United States,SRR29679823,5531;5561,2,3552,1165988,5,C-C,T-T,2645,896,11,74.46509009009009,25.225225225225223,99.69031531531532,0.3096846846846847,True
PRJNA1130896,United States,SRR29679837,5531;5561,2,2644,969753,3,C-C,T-T,2174,469,1,82.22390317700454,17.738275340393344,99.96217851739789,0.037821482602118005,True
PRJNA1130896,United States,SRR29679842,5531;5561,2,271,85592,3,C-C,T-T,231,39,1,85.23985239852398,14.391143911439114,99.63099630996311,0.36900369003690037,True
PRJNA1130896,United States,SRR29679851,5531;5561,2,4405,2048007,4,C-C,T-T,3960,442,3,89.89784335981838,10.03405221339387,99.93189557321226,0.0681044267877412,True
PRJNA1130896,United States,SRR29679852,5531;5561,2,2523,1012458,5,C-C,T-T,2188,297,38,86.72215616329765,11.771700356718192,98.49385652001585,1.506143479984146,True
PRJNA1130896,United States,SRR29679854,5531;5561,2,1430,599960,3,C-C,T-T,1037,392,1,72.5174825174825,27.412587412587413,99.93006993006993,0.06993006993006994,True
PRJNA1130896,United States,SRR29679864,5531;5561,2,362,187077,3,C-C,T-T,305,50,7,84.25414364640883,13.812154696132598,98.06629834254143,1.9337016574585635,True
PRJNA1130896,United States,SRR29679874,5531;5561,2,556,251345,3,C-C,T-T,433,122,1,77.87769784172663,21.942446043165468,99.82014388489209,0.1798561151079137,True
PRJNA1130896,United States,SRR29692818,5531;5561,2,151,75146,2,C-C,T-T,113,38,0,74.83443708609272,25.165562913907287,100.0,0.0,True
PRJNA1130896,United States,SRR29692831,5531;5561,2,893,495708,3,C-C,T-T,643,244,6,72.00447928331467,27.32362821948488,99.32810750279955,0.6718924972004479,True
PRJNA1130896,United States,SRR29692854,5531;5561,2,339,124720,2,C-C,T-T,291,48,0,85.84070796460178,14.15929203539823,100.0,0.0,True
PRJNA1130896,United States,SRR29692857,5531;5561,2,1115,552722,4,C-C,T-T,915,193,7,82.0627802690583,17.309417040358742,99.37219730941705,0.6278026905829596,True
PRJNA1130896,United States,SRR29692875,5531;5561,2,2765,834215,6,C-C,T-T,2179,572,14,78.80650994575045,20.687160940325498,99.49367088607595,0.5063291139240507,True
PRJNA1130896,United States,SRR29692889,5531;5561,2,1622,404381,5,C-C,T-T,1214,405,3,74.84586929716399,24.9691738594328,99.8150431565968,0.18495684340320592,True
PRJNA1130896,United States,SRR29692933,5531;5561,2,2304,965115,6,C-C,T-T,1547,741,16,67.14409722222221,32.16145833333333,99.30555555555556,0.6944444444444444,True
PRJNA1130896,United States,SRR29692939,5531;5561,2,2080,713642,7,C-C,T-T,1812,259,9,87.11538461538461,12.451923076923077,99.5673076923077,0.4326923076923077,True
PRJNA1130896,United States,SRR29692974,5531;5561,2,442,168535,2,C-C,T-T,356,86,0,80.54298642533936,19.457013574660635,100.0,0.0,True
PRJNA1130896,United States,SRR29692985,5531;5561,2,4228,1178176,6,C-C,T-T,3780,432,16,89.40397350993378,10.21759697256386,99.62157048249763,0.3784295175023652,True
PRJNA1130896,United States,SRR29692998,5531;5561,2,2959,664055,4,C-C,T-T,2625,329,5,88.71240283879689,11.118621155795877,99.83102399459277,0.16897600540723218,True
PRJNA1130896,United States,SRR29693058,5531;5561,2,353,140653,3,C-C,T-T,239,112,2,67.70538243626062,31.728045325779036,99.43342776203966,0.56657223796034,True
