project,cohort,sample_id,selection_mode,selected_TreeCluster_combo,target_sites,observed_target_iSNV_sites,n_observed_target_iSNV_sites,n_required_target_sites,n_raw_isnv_rows,passes_target_iSNV_filter,passes_top_TreeCluster_combo_filter,sam_path,has_sam,queued_for_linkage
PRJNA1037681,Australia,SRR26779971,top_treecluster_combo,C4+C6,5510;5520;5544;5558;5563,5510;5520;5544;5558;5563,5,5,209,True,True,/root/autodl-tmp/RSV-A-v_nogenotype/data/processed_data/sam_files-Q20-mask/PRJNA1037681/SRR26779971.sam,True,True
PRJNA1037681,Australia,SRR26779973,top_treecluster_combo,C4+C6,5510;5520;5544;5558;5563,5510;5520;5544;5558;5563,5,5,249,True,False,/root/autodl-tmp/RSV-A-v_nogenotype/data/processed_data/sam_files-Q20-mask/PRJNA1037681/SRR26779973.sam,True,False
PRJNA1037681,Australia,SRR26779974,top_treecluster_combo,C4+C6,5510;5520;5544;5558;5563,5510;5520;5544;5558;5563,5,5,233,True,True,/root/autodl-tmp/RSV-A-v_nogenotype/data/processed_data/sam_files-Q20-mask/PRJNA1037681/SRR26779974.sam,True,True
PRJNA1037681,Australia,SRR26779976,top_treecluster_combo,C4+C6,5510;5520;5544;5558;5563,5510;5520;5544;5558;5563,5,5,226,True,False,/root/autodl-tmp/RSV-A-v_nogenotype/data/processed_data/sam_files-Q20-mask/PRJNA1037681/SRR26779976.sam,True,False
PRJNA1037681,Australia,SRR26779980,top_treecluster_combo,C4+C6,5510;5520;5544;5558;5563,5510;5520;5544;5558;5563,5,5,218,True,True,/root/autodl-tmp/RSV-A-v_nogenotype/data/processed_data/sam_files-Q20-mask/PRJNA1037681/SRR26779980.sam,True,True
PRJNA1037681,Australia,SRR26779981,top_treecluster_combo,C4+C6,5510;5520;5544;5558;5563,5510;5520;5544;5558;5563,5,5,223,True,True,/root/autodl-tmp/RSV-A-v_nogenotype/data/processed_data/sam_files-Q20-mask/PRJNA1037681/SRR26779981.sam,True,True
PRJNA1037681,Australia,SRR26779985,top_treecluster_combo,C4+C6,5510;5520;5544;5558;5563,5510;5520;5544;5558;5563,5,5,214,True,True,/root/autodl-tmp/RSV-A-v_nogenotype/data/processed_data/sam_files-Q20-mask/PRJNA1037681/SRR26779985.sam,True,True
PRJNA1037681,Australia,SRR26779989,top_treecluster_combo,C4+C6,5510;5520;5544;5558;5563,5510;5520;5544;5558;5563,5,5,220,True,False,/root/autodl-tmp/RSV-A-v_nogenotype/data/processed_data/sam_files-Q20-mask/PRJNA1037681/SRR26779989.sam,True,False
PRJNA1037681,Australia,SRR26779994,top_treecluster_combo,C4+C6,5510;5520;5544;5558;5563,5510;5520;5544;5558;5563,5,5,211,True,True,/root/autodl-tmp/RSV-A-v_nogenotype/data/processed_data/sam_files-Q20-mask/PRJNA1037681/SRR26779994.sam,True,True
PRJNA1037681,Australia,SRR26780031,top_treecluster_combo,C4+C6,5510;5520;5544;5558;5563,5510;5520;5544;5558;5563,5,5,216,True,True,/root/autodl-tmp/RSV-A-v_nogenotype/data/processed_data/sam_files-Q20-mask/PRJNA1037681/SRR26780031.sam,True,True
PRJNA1037681,Australia,SRR26780033,top_treecluster_combo,C4+C6,5510;5520;5544;5558;5563,5510;5520;5544;5558;5563,5,5,220,True,False,/root/autodl-tmp/RSV-A-v_nogenotype/data/processed_data/sam_files-Q20-mask/PRJNA1037681/SRR26780033.sam,True,False
PRJNA1037681,Australia,SRR26780034,top_treecluster_combo,C4+C6,5510;5520;5544;5558;5563,5510;5520;5544;5558;5563,5,5,217,True,True,/root/autodl-tmp/RSV-A-v_nogenotype/data/processed_data/sam_files-Q20-mask/PRJNA1037681/SRR26780034.sam,True,True
PRJNA1037681,Australia,SRR26780041,top_treecluster_combo,C4+C6,5510;5520;5544;5558;5563,5510;5520;5544;5558;5563,5,5,226,True,False,/root/autodl-tmp/RSV-A-v_nogenotype/data/processed_data/sam_files-Q20-mask/PRJNA1037681/SRR26780041.sam,True,False
PRJNA1037681,Australia,SRR26780042,top_treecluster_combo,C4+C6,5510;5520;5544;5558;5563,5510;5520;5544;5558;5563,5,5,222,True,False,/root/autodl-tmp/RSV-A-v_nogenotype/data/processed_data/sam_files-Q20-mask/PRJNA1037681/SRR26780042.sam,True,False
PRJNA1037681,Australia,SRR26780044,top_treecluster_combo,C4+C6,5510;5520;5544;5558;5563,5520,1,5,204,False,False,/root/autodl-tmp/RSV-A-v_nogenotype/data/processed_data/sam_files-Q20-mask/PRJNA1037681/SRR26780044.sam,True,False
PRJNA1037681,Australia,SRR26780046,top_treecluster_combo,C4+C6,5510;5520;5544;5558;5563,5520;5544;5563,3,5,196,False,False,/root/autodl-tmp/RSV-A-v_nogenotype/data/processed_data/sam_files-Q20-mask/PRJNA1037681/SRR26780046.sam,True,False
PRJNA1037681,Australia,SRR26780048,top_treecluster_combo,C4+C6,5510;5520;5544;5558;5563,,0,5,196,False,True,/root/autodl-tmp/RSV-A-v_nogenotype/data/processed_data/sam_files-Q20-mask/PRJNA1037681/SRR26780048.sam,True,True
PRJNA1037681,Australia,SRR26780050,top_treecluster_combo,C4+C6,5510;5520;5544;5558;5563,5520;5544;5563,3,5,201,False,False,/root/autodl-tmp/RSV-A-v_nogenotype/data/processed_data/sam_files-Q20-mask/PRJNA1037681/SRR26780050.sam,True,False
PRJNA1037681,Australia,SRR26780067,top_treecluster_combo,C4+C6,5510;5520;5544;5558;5563,5520;5544;5558;5563,4,5,217,False,True,/root/autodl-tmp/RSV-A-v_nogenotype/data/processed_data/sam_files-Q20-mask/PRJNA1037681/SRR26780067.sam,True,True
PRJNA1037681,Australia,SRR26780110,top_treecluster_combo,C4+C6,5510;5520;5544;5558;5563,5544;5563,2,5,225,False,False,/root/autodl-tmp/RSV-A-v_nogenotype/data/processed_data/sam_files-Q20-mask/PRJNA1037681/SRR26780110.sam,True,False
PRJNA1037681,Australia,SRR26780112,top_treecluster_combo,C4+C6,5510;5520;5544;5558;5563,5510;5520;5544;5558;5563,5,5,228,True,True,/root/autodl-tmp/RSV-A-v_nogenotype/data/processed_data/sam_files-Q20-mask/PRJNA1037681/SRR26780112.sam,True,True
PRJNA1037681,Australia,SRR26780115,top_treecluster_combo,C4+C6,5510;5520;5544;5558;5563,5510;5520;5544;5558;5563,5,5,218,True,False,/root/autodl-tmp/RSV-A-v_nogenotype/data/processed_data/sam_files-Q20-mask/PRJNA1037681/SRR26780115.sam,True,False
PRJNA1037681,Australia,SRR26780117,top_treecluster_combo,C4+C6,5510;5520;5544;5558;5563,,0,5,207,False,False,/root/autodl-tmp/RSV-A-v_nogenotype/data/processed_data/sam_files-Q20-mask/PRJNA1037681/SRR26780117.sam,True,False
PRJNA1037681,Australia,SRR26780119,top_treecluster_combo,C4+C6,5510;5520;5544;5558;5563,5510;5520;5544;5558;5563,5,5,218,True,True,/root/autodl-tmp/RSV-A-v_nogenotype/data/processed_data/sam_files-Q20-mask/PRJNA1037681/SRR26780119.sam,True,True
PRJNA1037681,Australia,SRR26780123,top_treecluster_combo,C4+C6,5510;5520;5544;5558;5563,5510;5520;5544,3,5,224,False,True,/root/autodl-tmp/RSV-A-v_nogenotype/data/processed_data/sam_files-Q20-mask/PRJNA1037681/SRR26780123.sam,True,True
PRJNA1037681,Australia,SRR26780126,top_treecluster_combo,C4+C6,5510;5520;5544;5558;5563,5510;5520;5544;5558;5563,5,5,231,True,True,/root/autodl-tmp/RSV-A-v_nogenotype/data/processed_data/sam_files-Q20-mask/PRJNA1037681/SRR26780126.sam,True,True
PRJNA1037681,Australia,SRR26780127,top_treecluster_combo,C4+C6,5510;5520;5544;5558;5563,5510;5520;5544;5558;5563,5,5,206,True,True,/root/autodl-tmp/RSV-A-v_nogenotype/data/processed_data/sam_files-Q20-mask/PRJNA1037681/SRR26780127.sam,True,True
PRJNA1037681,Australia,SRR26780146,top_treecluster_combo,C4+C6,5510;5520;5544;5558;5563,5510;5520;5544;5558;5563,5,5,217,True,True,/root/autodl-tmp/RSV-A-v_nogenotype/data/processed_data/sam_files-Q20-mask/PRJNA1037681/SRR26780146.sam,True,True
PRJNA1037681,Australia,SRR26780187,top_treecluster_combo,C4+C6,5510;5520;5544;5558;5563,5510;5520;5544;5558;5563,5,5,223,True,True,/root/autodl-tmp/RSV-A-v_nogenotype/data/processed_data/sam_files-Q20-mask/PRJNA1037681/SRR26780187.sam,True,True
PRJNA1037681,Australia,SRR26780205,top_treecluster_combo,C4+C6,5510;5520;5544;5558;5563,5510;5520;5544;5558;5563,5,5,220,True,True,/root/autodl-tmp/RSV-A-v_nogenotype/data/processed_data/sam_files-Q20-mask/PRJNA1037681/SRR26780205.sam,True,True
PRJNA1037681,Australia,SRR26780206,top_treecluster_combo,C4+C6,5510;5520;5544;5558;5563,5510;5520;5544;5558;5563,5,5,226,True,True,/root/autodl-tmp/RSV-A-v_nogenotype/data/processed_data/sam_files-Q20-mask/PRJNA1037681/SRR26780206.sam,True,True
PRJNA1037681,Australia,SRR26780211,top_treecluster_combo,C4+C6,5510;5520;5544;5558;5563,5510;5520;5544;5558,4,5,213,False,True,/root/autodl-tmp/RSV-A-v_nogenotype/data/processed_data/sam_files-Q20-mask/PRJNA1037681/SRR26780211.sam,True,True
PRJNA1037681,Australia,SRR26780213,top_treecluster_combo,C4+C6,5510;5520;5544;5558;5563,,0,5,203,False,False,/root/autodl-tmp/RSV-A-v_nogenotype/data/processed_data/sam_files-Q20-mask/PRJNA1037681/SRR26780213.sam,True,False
PRJNA1037681,Australia,SRR26780216,top_treecluster_combo,C4+C6,5510;5520;5544;5558;5563,5510;5520;5544;5558;5563,5,5,218,True,True,/root/autodl-tmp/RSV-A-v_nogenotype/data/processed_data/sam_files-Q20-mask/PRJNA1037681/SRR26780216.sam,True,True
PRJNA1037681,Australia,SRR26780217,top_treecluster_combo,C4+C6,5510;5520;5544;5558;5563,5510;5520;5544;5558;5563,5,5,223,True,False,/root/autodl-tmp/RSV-A-v_nogenotype/data/processed_data/sam_files-Q20-mask/PRJNA1037681/SRR26780217.sam,True,False
PRJNA1037681,Australia,SRR26780219,top_treecluster_combo,C4+C6,5510;5520;5544;5558;5563,5520;5544,2,5,219,False,True,/root/autodl-tmp/RSV-A-v_nogenotype/data/processed_data/sam_files-Q20-mask/PRJNA1037681/SRR26780219.sam,True,True
PRJNA1037681,Australia,SRR26780237,top_treecluster_combo,C4+C6,5510;5520;5544;5558;5563,5510;5520;5544;5558;5563,5,5,226,True,True,/root/autodl-tmp/RSV-A-v_nogenotype/data/processed_data/sam_files-Q20-mask/PRJNA1037681/SRR26780237.sam,True,True
PRJNA1130896,United States,SRR29679704,top_treecluster_combo,C18+C21,5531;5561,5561,1,2,215,False,False,/root/autodl-tmp/RSV-A-v_nogenotype/data/processed_data/sam_files-Q20-mask/PRJNA1130896/SRR29679704.sam,True,False
PRJNA1130896,United States,SRR29679706,top_treecluster_combo,C18+C21,5531;5561,,0,2,198,False,False,/root/autodl-tmp/RSV-A-v_nogenotype/data/processed_data/sam_files-Q20-mask/PRJNA1130896/SRR29679706.sam,True,False
PRJNA1130896,United States,SRR29679709,top_treecluster_combo,C18+C21,5531;5561,,0,2,218,False,False,/root/autodl-tmp/RSV-A-v_nogenotype/data/processed_data/sam_files-Q20-mask/PRJNA1130896/SRR29679709.sam,True,False
PRJNA1130896,United States,SRR29679712,top_treecluster_combo,C18+C21,5531;5561,,0,2,227,False,False,/root/autodl-tmp/RSV-A-v_nogenotype/data/processed_data/sam_files-Q20-mask/PRJNA1130896/SRR29679712.sam,True,False
PRJNA1130896,United States,SRR29679713,top_treecluster_combo,C18+C21,5531;5561,,0,2,216,False,False,/root/autodl-tmp/RSV-A-v_nogenotype/data/processed_data/sam_files-Q20-mask/PRJNA1130896/SRR29679713.sam,True,False
PRJNA1130896,United States,SRR29679716,top_treecluster_combo,C18+C21,5531;5561,,0,2,213,False,True,/root/autodl-tmp/RSV-A-v_nogenotype/data/processed_data/sam_files-Q20-mask/PRJNA1130896/SRR29679716.sam,True,True
PRJNA1130896,United States,SRR29679720,top_treecluster_combo,C18+C21,5531;5561,,0,2,197,False,False,/root/autodl-tmp/RSV-A-v_nogenotype/data/processed_data/sam_files-Q20-mask/PRJNA1130896/SRR29679720.sam,True,False
PRJNA1130896,United States,SRR29679721,top_treecluster_combo,C18+C21,5531;5561,,0,2,208,False,False,/root/autodl-tmp/RSV-A-v_nogenotype/data/processed_data/sam_files-Q20-mask/PRJNA1130896/SRR29679721.sam,True,False
PRJNA1130896,United States,SRR29679723,top_treecluster_combo,C18+C21,5531;5561,,0,2,190,False,True,/root/autodl-tmp/RSV-A-v_nogenotype/data/processed_data/sam_files-Q20-mask/PRJNA1130896/SRR29679723.sam,True,True
PRJNA1130896,United States,SRR29679728,top_treecluster_combo,C18+C21,5531;5561,5561,1,2,209,False,True,/root/autodl-tmp/RSV-A-v_nogenotype/data/processed_data/sam_files-Q20-mask/PRJNA1130896/SRR29679728.sam,True,True
PRJNA1130896,United States,SRR29679729,top_treecluster_combo,C18+C21,5531;5561,5531,1,2,207,False,True,/root/autodl-tmp/RSV-A-v_nogenotype/data/processed_data/sam_files-Q20-mask/PRJNA1130896/SRR29679729.sam,True,True
PRJNA1130896,United States,SRR29679731,top_treecluster_combo,C18+C21,5531;5561,,0,2,207,False,False,/root/autodl-tmp/RSV-A-v_nogenotype/data/processed_data/sam_files-Q20-mask/PRJNA1130896/SRR29679731.sam,True,False
PRJNA1130896,United States,SRR29679732,top_treecluster_combo,C18+C21,5531;5561,,0,2,202,False,False,/root/autodl-tmp/RSV-A-v_nogenotype/data/processed_data/sam_files-Q20-mask/PRJNA1130896/SRR29679732.sam,True,False
PRJNA1130896,United States,SRR29679737,top_treecluster_combo,C18+C21,5531;5561,5561,1,2,204,False,False,/root/autodl-tmp/RSV-A-v_nogenotype/data/processed_data/sam_files-Q20-mask/PRJNA1130896/SRR29679737.sam,True,False
PRJNA1130896,United States,SRR29679738,top_treecluster_combo,C18+C21,5531;5561,,0,2,209,False,True,/root/autodl-tmp/RSV-A-v_nogenotype/data/processed_data/sam_files-Q20-mask/PRJNA1130896/SRR29679738.sam,True,True
PRJNA1130896,United States,SRR29679753,top_treecluster_combo,C18+C21,5531;5561,,0,2,199,False,False,/root/autodl-tmp/RSV-A-v_nogenotype/data/processed_data/sam_files-Q20-mask/PRJNA1130896/SRR29679753.sam,True,False
PRJNA1130896,United States,SRR29679754,top_treecluster_combo,C18+C21,5531;5561,5531,1,2,201,False,False,/root/autodl-tmp/RSV-A-v_nogenotype/data/processed_data/sam_files-Q20-mask/PRJNA1130896/SRR29679754.sam,True,False
PRJNA1130896,United States,SRR29679809,top_treecluster_combo,C18+C21,5531;5561,,0,2,208,False,False,/root/autodl-tmp/RSV-A-v_nogenotype/data/processed_data/sam_files-Q20-mask/PRJNA1130896/SRR29679809.sam,True,False
PRJNA1130896,United States,SRR29679814,top_treecluster_combo,C18+C21,5531;5561,,0,2,213,False,True,/root/autodl-tmp/RSV-A-v_nogenotype/data/processed_data/sam_files-Q20-mask/PRJNA1130896/SRR29679814.sam,True,True
PRJNA1130896,United States,SRR29679823,top_treecluster_combo,C18+C21,5531;5561,5531,1,2,207,False,True,/root/autodl-tmp/RSV-A-v_nogenotype/data/processed_data/sam_files-Q20-mask/PRJNA1130896/SRR29679823.sam,True,True
PRJNA1130896,United States,SRR29679826,top_treecluster_combo,C18+C21,5531;5561,5561,1,2,187,False,False,/root/autodl-tmp/RSV-A-v_nogenotype/data/processed_data/sam_files-Q20-mask/PRJNA1130896/SRR29679826.sam,True,False
PRJNA1130896,United States,SRR29679830,top_treecluster_combo,C18+C21,5531;5561,,0,2,200,False,False,/root/autodl-tmp/RSV-A-v_nogenotype/data/processed_data/sam_files-Q20-mask/PRJNA1130896/SRR29679830.sam,True,False
PRJNA1130896,United States,SRR29679833,top_treecluster_combo,C18+C21,5531;5561,,0,2,177,False,False,/root/autodl-tmp/RSV-A-v_nogenotype/data/processed_data/sam_files-Q20-mask/PRJNA1130896/SRR29679833.sam,True,False
PRJNA1130896,United States,SRR29679834,top_treecluster_combo,C18+C21,5531;5561,,0,2,229,False,False,/root/autodl-tmp/RSV-A-v_nogenotype/data/processed_data/sam_files-Q20-mask/PRJNA1130896/SRR29679834.sam,True,False
PRJNA1130896,United States,SRR29679837,top_treecluster_combo,C18+C21,5531;5561,5561,1,2,207,False,True,/root/autodl-tmp/RSV-A-v_nogenotype/data/processed_data/sam_files-Q20-mask/PRJNA1130896/SRR29679837.sam,True,True
PRJNA1130896,United States,SRR29679842,top_treecluster_combo,C18+C21,5531;5561,5561,1,2,206,False,True,/root/autodl-tmp/RSV-A-v_nogenotype/data/processed_data/sam_files-Q20-mask/PRJNA1130896/SRR29679842.sam,True,True
PRJNA1130896,United States,SRR29679843,top_treecluster_combo,C18+C21,5531;5561,,0,2,217,False,False,/root/autodl-tmp/RSV-A-v_nogenotype/data/processed_data/sam_files-Q20-mask/PRJNA1130896/SRR29679843.sam,True,False
PRJNA1130896,United States,SRR29679844,top_treecluster_combo,C18+C21,5531;5561,,0,2,202,False,False,/root/autodl-tmp/RSV-A-v_nogenotype/data/processed_data/sam_files-Q20-mask/PRJNA1130896/SRR29679844.sam,True,False
PRJNA1130896,United States,SRR29679851,top_treecluster_combo,C18+C21,5531;5561,,0,2,202,False,True,/root/autodl-tmp/RSV-A-v_nogenotype/data/processed_data/sam_files-Q20-mask/PRJNA1130896/SRR29679851.sam,True,True
PRJNA1130896,United States,SRR29679852,top_treecluster_combo,C18+C21,5531;5561,,0,2,191,False,True,/root/autodl-tmp/RSV-A-v_nogenotype/data/processed_data/sam_files-Q20-mask/PRJNA1130896/SRR29679852.sam,True,True
PRJNA1130896,United States,SRR29679854,top_treecluster_combo,C18+C21,5531;5561,5531,1,2,211,False,True,/root/autodl-tmp/RSV-A-v_nogenotype/data/processed_data/sam_files-Q20-mask/PRJNA1130896/SRR29679854.sam,True,True
PRJNA1130896,United States,SRR29679864,top_treecluster_combo,C18+C21,5531;5561,5531;5561,2,2,250,True,True,/root/autodl-tmp/RSV-A-v_nogenotype/data/processed_data/sam_files-Q20-mask/PRJNA1130896/SRR29679864.sam,True,True
PRJNA1130896,United States,SRR29679874,top_treecluster_combo,C18+C21,5531;5561,5531;5561,2,2,200,True,True,/root/autodl-tmp/RSV-A-v_nogenotype/data/processed_data/sam_files-Q20-mask/PRJNA1130896/SRR29679874.sam,True,True
PRJNA1130896,United States,SRR29692818,top_treecluster_combo,C18+C21,5531;5561,5531;5561,2,2,192,True,True,/root/autodl-tmp/RSV-A-v_nogenotype/data/processed_data/sam_files-Q20-mask/PRJNA1130896/SRR29692818.sam,True,True
PRJNA1130896,United States,SRR29692824,top_treecluster_combo,C18+C21,5531;5561,,0,2,209,False,False,/root/autodl-tmp/RSV-A-v_nogenotype/data/processed_data/sam_files-Q20-mask/PRJNA1130896/SRR29692824.sam,True,False
PRJNA1130896,United States,SRR29692828,top_treecluster_combo,C18+C21,5531;5561,,0,2,188,False,False,/root/autodl-tmp/RSV-A-v_nogenotype/data/processed_data/sam_files-Q20-mask/PRJNA1130896/SRR29692828.sam,True,False
PRJNA1130896,United States,SRR29692831,top_treecluster_combo,C18+C21,5531;5561,5531;5561,2,2,213,True,True,/root/autodl-tmp/RSV-A-v_nogenotype/data/processed_data/sam_files-Q20-mask/PRJNA1130896/SRR29692831.sam,True,True
PRJNA1130896,United States,SRR29692854,top_treecluster_combo,C18+C21,5531;5561,5531;5561,2,2,188,True,True,/root/autodl-tmp/RSV-A-v_nogenotype/data/processed_data/sam_files-Q20-mask/PRJNA1130896/SRR29692854.sam,True,True
PRJNA1130896,United States,SRR29692857,top_treecluster_combo,C18+C21,5531;5561,,0,2,211,False,True,/root/autodl-tmp/RSV-A-v_nogenotype/data/processed_data/sam_files-Q20-mask/PRJNA1130896/SRR29692857.sam,True,True
PRJNA1130896,United States,SRR29692865,top_treecluster_combo,C18+C21,5531;5561,,0,2,224,False,False,/root/autodl-tmp/RSV-A-v_nogenotype/data/processed_data/sam_files-Q20-mask/PRJNA1130896/SRR29692865.sam,True,False
PRJNA1130896,United States,SRR29692873,top_treecluster_combo,C18+C21,5531;5561,,0,2,216,False,False,/root/autodl-tmp/RSV-A-v_nogenotype/data/processed_data/sam_files-Q20-mask/PRJNA1130896/SRR29692873.sam,True,False
PRJNA1130896,United States,SRR29692875,top_treecluster_combo,C18+C21,5531;5561,5531,1,2,211,False,True,/root/autodl-tmp/RSV-A-v_nogenotype/data/processed_data/sam_files-Q20-mask/PRJNA1130896/SRR29692875.sam,True,True
PRJNA1130896,United States,SRR29692880,top_treecluster_combo,C18+C21,5531;5561,,0,2,196,False,False,/root/autodl-tmp/RSV-A-v_nogenotype/data/processed_data/sam_files-Q20-mask/PRJNA1130896/SRR29692880.sam,True,False
PRJNA1130896,United States,SRR29692881,top_treecluster_combo,C18+C21,5531;5561,,0,2,213,False,False,/root/autodl-tmp/RSV-A-v_nogenotype/data/processed_data/sam_files-Q20-mask/PRJNA1130896/SRR29692881.sam,True,False
PRJNA1130896,United States,SRR29692884,top_treecluster_combo,C18+C21,5531;5561,,0,2,215,False,False,/root/autodl-tmp/RSV-A-v_nogenotype/data/processed_data/sam_files-Q20-mask/PRJNA1130896/SRR29692884.sam,True,False
PRJNA1130896,United States,SRR29692887,top_treecluster_combo,C18+C21,5531;5561,5531;5561,2,2,217,True,False,/root/autodl-tmp/RSV-A-v_nogenotype/data/processed_data/sam_files-Q20-mask/PRJNA1130896/SRR29692887.sam,True,False
PRJNA1130896,United States,SRR29692889,top_treecluster_combo,C18+C21,5531;5561,5531;5561,2,2,222,True,True,/root/autodl-tmp/RSV-A-v_nogenotype/data/processed_data/sam_files-Q20-mask/PRJNA1130896/SRR29692889.sam,True,True
PRJNA1130896,United States,SRR29692926,top_treecluster_combo,C18+C21,5531;5561,,0,2,195,False,False,/root/autodl-tmp/RSV-A-v_nogenotype/data/processed_data/sam_files-Q20-mask/PRJNA1130896/SRR29692926.sam,True,False
PRJNA1130896,United States,SRR29692928,top_treecluster_combo,C18+C21,5531;5561,,0,2,222,False,False,/root/autodl-tmp/RSV-A-v_nogenotype/data/processed_data/sam_files-Q20-mask/PRJNA1130896/SRR29692928.sam,True,False
PRJNA1130896,United States,SRR29692929,top_treecluster_combo,C18+C21,5531;5561,5561,1,2,202,False,False,/root/autodl-tmp/RSV-A-v_nogenotype/data/processed_data/sam_files-Q20-mask/PRJNA1130896/SRR29692929.sam,True,False
PRJNA1130896,United States,SRR29692933,top_treecluster_combo,C18+C21,5531;5561,5561,1,2,215,False,True,/root/autodl-tmp/RSV-A-v_nogenotype/data/processed_data/sam_files-Q20-mask/PRJNA1130896/SRR29692933.sam,True,True
PRJNA1130896,United States,SRR29692935,top_treecluster_combo,C18+C21,5531;5561,,0,2,211,False,False,/root/autodl-tmp/RSV-A-v_nogenotype/data/processed_data/sam_files-Q20-mask/PRJNA1130896/SRR29692935.sam,True,False
PRJNA1130896,United States,SRR29692936,top_treecluster_combo,C18+C21,5531;5561,5561,1,2,215,False,False,/root/autodl-tmp/RSV-A-v_nogenotype/data/processed_data/sam_files-Q20-mask/PRJNA1130896/SRR29692936.sam,True,False
PRJNA1130896,United States,SRR29692939,top_treecluster_combo,C18+C21,5531;5561,5561,1,2,216,False,True,/root/autodl-tmp/RSV-A-v_nogenotype/data/processed_data/sam_files-Q20-mask/PRJNA1130896/SRR29692939.sam,True,True
PRJNA1130896,United States,SRR29692941,top_treecluster_combo,C18+C21,5531;5561,,0,2,221,False,False,/root/autodl-tmp/RSV-A-v_nogenotype/data/processed_data/sam_files-Q20-mask/PRJNA1130896/SRR29692941.sam,True,False
PRJNA1130896,United States,SRR29692943,top_treecluster_combo,C18+C21,5531;5561,5561,1,2,221,False,False,/root/autodl-tmp/RSV-A-v_nogenotype/data/processed_data/sam_files-Q20-mask/PRJNA1130896/SRR29692943.sam,True,False
PRJNA1130896,United States,SRR29692965,top_treecluster_combo,C18+C21,5531;5561,,0,2,216,False,False,/root/autodl-tmp/RSV-A-v_nogenotype/data/processed_data/sam_files-Q20-mask/PRJNA1130896/SRR29692965.sam,True,False
PRJNA1130896,United States,SRR29692967,top_treecluster_combo,C18+C21,5531;5561,,0,2,194,False,False,/root/autodl-tmp/RSV-A-v_nogenotype/data/processed_data/sam_files-Q20-mask/PRJNA1130896/SRR29692967.sam,True,False
PRJNA1130896,United States,SRR29692974,top_treecluster_combo,C18+C21,5531;5561,5561,1,2,216,False,True,/root/autodl-tmp/RSV-A-v_nogenotype/data/processed_data/sam_files-Q20-mask/PRJNA1130896/SRR29692974.sam,True,True
PRJNA1130896,United States,SRR29692975,top_treecluster_combo,C18+C21,5531;5561,5561,1,2,227,False,False,/root/autodl-tmp/RSV-A-v_nogenotype/data/processed_data/sam_files-Q20-mask/PRJNA1130896/SRR29692975.sam,True,False
PRJNA1130896,United States,SRR29692977,top_treecluster_combo,C18+C21,5531;5561,,0,2,225,False,False,/root/autodl-tmp/RSV-A-v_nogenotype/data/processed_data/sam_files-Q20-mask/PRJNA1130896/SRR29692977.sam,True,False
PRJNA1130896,United States,SRR29692981,top_treecluster_combo,C18+C21,5531;5561,,0,2,216,False,False,/root/autodl-tmp/RSV-A-v_nogenotype/data/processed_data/sam_files-Q20-mask/PRJNA1130896/SRR29692981.sam,True,False
PRJNA1130896,United States,SRR29692982,top_treecluster_combo,C18+C21,5531;5561,5561,1,2,212,False,False,/root/autodl-tmp/RSV-A-v_nogenotype/data/processed_data/sam_files-Q20-mask/PRJNA1130896/SRR29692982.sam,True,False
PRJNA1130896,United States,SRR29692984,top_treecluster_combo,C18+C21,5531;5561,,0,2,203,False,False,/root/autodl-tmp/RSV-A-v_nogenotype/data/processed_data/sam_files-Q20-mask/PRJNA1130896/SRR29692984.sam,True,False
PRJNA1130896,United States,SRR29692985,top_treecluster_combo,C18+C21,5531;5561,,0,2,205,False,True,/root/autodl-tmp/RSV-A-v_nogenotype/data/processed_data/sam_files-Q20-mask/PRJNA1130896/SRR29692985.sam,True,True
PRJNA1130896,United States,SRR29692989,top_treecluster_combo,C18+C21,5531;5561,,0,2,217,False,False,/root/autodl-tmp/RSV-A-v_nogenotype/data/processed_data/sam_files-Q20-mask/PRJNA1130896/SRR29692989.sam,True,False
PRJNA1130896,United States,SRR29692991,top_treecluster_combo,C18+C21,5531;5561,,0,2,213,False,False,/root/autodl-tmp/RSV-A-v_nogenotype/data/processed_data/sam_files-Q20-mask/PRJNA1130896/SRR29692991.sam,True,False
PRJNA1130896,United States,SRR29692998,top_treecluster_combo,C18+C21,5531;5561,,0,2,205,False,True,/root/autodl-tmp/RSV-A-v_nogenotype/data/processed_data/sam_files-Q20-mask/PRJNA1130896/SRR29692998.sam,True,True
PRJNA1130896,United States,SRR29693057,top_treecluster_combo,C18+C21,5531;5561,5531;5561,2,2,192,True,False,/root/autodl-tmp/RSV-A-v_nogenotype/data/processed_data/sam_files-Q20-mask/PRJNA1130896/SRR29693057.sam,True,False
PRJNA1130896,United States,SRR29693058,top_treecluster_combo,C18+C21,5531;5561,,0,2,203,False,True,/root/autodl-tmp/RSV-A-v_nogenotype/data/processed_data/sam_files-Q20-mask/PRJNA1130896/SRR29693058.sam,True,True
PRJNA1130896,United States,SRR29693059,top_treecluster_combo,C18+C21,5531;5561,,0,2,228,False,False,/root/autodl-tmp/RSV-A-v_nogenotype/data/processed_data/sam_files-Q20-mask/PRJNA1130896/SRR29693059.sam,True,False
PRJNA1130896,United States,SRR29693060,top_treecluster_combo,C18+C21,5531;5561,,0,2,188,False,False,/root/autodl-tmp/RSV-A-v_nogenotype/data/processed_data/sam_files-Q20-mask/PRJNA1130896/SRR29693060.sam,True,False
