project,cohort,sample_id,target_sites,n_target_sites,total_spanning_reads,parsed_alignments_until_target,n_unique_read_combos,sample_top1_combo,sample_top2_combo,n_top1,n_top2,n_rest_after_sample_top2,pct_sample_top1,pct_sample_top2,pct_sample_top2_combined,pct_rest_after_sample_top2,has_two_read_patterns,global_top1_combo,global_top2_combo,n_global_top1,n_global_top2,n_other_after_global_top2,pct_global_top1,pct_global_top2,pct_global_top2_combined,pct_other_after_global_top2,n_reconstructed_haplotypes,haplotype_major_freq,haplotype_top2_sum,reads_major_freq,reads_top2_sum,reads_major_minus_haplotype_major,reads_top2_minus_haplotype_top2
PRJNA1037681,Australia,SRR26779971,5510;5520;5544;5558;5563,5,351,120218,3,G-A-T-A-T,A-T-C-G-C,327,23,1,93.16239316239316,6.552706552706552,99.71509971509973,0.2849002849002849,True,G-A-T-A-T,A-T-C-G-C,327,23,1,93.16239316239316,6.552706552706552,99.71509971509973,0.2849002849002849,2,0.7244699254025825,1.0,0.9316239316239315,0.9971509971509973,0.20715400622134905,-0.002849002849002691
PRJNA1037681,Australia,SRR26779974,5510;5520;5544;5558;5563,5,714,366799,9,G-A-T-A-T,A-T-C-G-C,611,64,39,85.57422969187675,8.96358543417367,94.53781512605042,5.46218487394958,True,G-A-T-A-T,A-T-C-G-C,611,64,39,85.57422969187675,8.96358543417367,94.53781512605042,5.46218487394958,2,0.7140218961845151,1.0,0.8557422969187676,0.9453781512605042,0.14172040073425252,-0.054621848739495826
PRJNA1037681,Australia,SRR26779980,5510;5520;5544;5558;5563,5,999,305490,8,G-A-T-A-T,A-T-C-G-C,913,45,41,91.3913913913914,4.504504504504505,95.8958958958959,4.1041041041041035,True,G-A-T-A-T,A-T-C-G-C,913,45,41,91.3913913913914,4.504504504504505,95.8958958958959,4.1041041041041035,2,0.8081702482091332,1.0,0.913913913913914,0.958958958958959,0.10574366570478078,-0.041041041041041004
PRJNA1037681,Australia,SRR26779981,5510;5520;5544;5558;5563,5,508,240224,9,G-A-T-A-T,A-T-C-G-C,430,45,33,84.64566929133859,8.858267716535433,93.50393700787401,6.496062992125983,True,G-A-T-A-T,A-T-C-G-C,430,45,33,84.64566929133859,8.858267716535433,93.50393700787401,6.496062992125983,2,0.7289970914233345,1.0,0.8464566929133859,0.9350393700787402,0.11745960149005141,-0.06496062992125984
PRJNA1037681,Australia,SRR26779985,5510;5520;5544;5558;5563,5,722,313471,11,G-A-T-A-T,A-T-C-G-C,627,51,44,86.8421052631579,7.063711911357341,93.90581717451524,6.094182825484765,True,G-A-T-A-T,A-T-C-G-C,627,51,44,86.8421052631579,7.063711911357341,93.90581717451524,6.094182825484765,2,0.7421956932422757,1.0,0.8684210526315791,0.9390581717451524,0.12622535938930335,-0.06094182825484762
PRJNA1037681,Australia,SRR26779994,5510;5520;5544;5558;5563,5,417,175319,8,G-A-T-A-T,A-T-C-G-C,385,16,16,92.32613908872902,3.8369304556354913,96.1630695443645,3.8369304556354913,True,G-A-T-A-T,A-T-C-G-C,385,16,16,92.32613908872902,3.8369304556354913,96.1630695443645,3.8369304556354913,2,0.7435829657337988,1.0,0.9232613908872902,0.961630695443645,0.17967842515349142,-0.03836930455635501
PRJNA1037681,Australia,SRR26780031,5510;5520;5544;5558;5563,5,150,89154,5,G-A-T-A-T,A-T-C-G-C,139,6,5,92.66666666666666,4.0,96.66666666666667,3.3333333333333335,True,G-A-T-A-T,A-T-C-G-C,139,6,5,92.66666666666666,4.0,96.66666666666667,3.3333333333333335,2,0.6314167403432303,0.9999999999999999,0.9266666666666665,0.9666666666666667,0.2952499263234363,-0.033333333333333215
PRJNA1037681,Australia,SRR26780034,5510;5520;5544;5558;5563,5,261,119402,4,G-A-T-A-T,A-T-C-G-C,239,16,6,91.57088122605363,6.130268199233716,97.70114942528735,2.2988505747126435,True,G-A-T-A-T,A-T-C-G-C,239,16,6,91.57088122605363,6.130268199233716,97.70114942528735,2.2988505747126435,2,0.7191127622041915,1.0,0.9157088122605362,0.9770114942528736,0.19659605005634473,-0.02298850574712641
PRJNA1037681,Australia,SRR26780048,5510;5520;5544;5558;5563,5,116,69775,5,G-A-T-A-T,A-T-C-G-C,104,6,6,89.65517241379311,5.172413793103448,94.82758620689656,5.172413793103448,True,G-A-T-A-T,A-T-C-G-C,104,6,6,89.65517241379311,5.172413793103448,94.82758620689656,5.172413793103448,2,0.5414835821019822,1.0,0.896551724137931,0.9482758620689655,0.35506814203594883,-0.051724137931034475
PRJNA1037681,Australia,SRR26780067,5510;5520;5544;5558;5563,5,133,162381,4,G-A-T-A-T,A-T-C-G-C,122,8,3,91.72932330827066,6.015037593984962,97.74436090225564,2.2556390977443606,True,G-A-T-A-T,A-T-C-G-C,122,8,3,91.72932330827066,6.015037593984962,97.74436090225564,2.2556390977443606,2,0.5004746646779893,1.0,0.9172932330827066,0.9774436090225563,0.4168185684047173,-0.022556390977443663
PRJNA1037681,Australia,SRR26780112,5510;5520;5544;5558;5563,5,264,193547,6,G-A-T-A-T,A-T-C-G-C,233,12,19,88.25757575757575,4.545454545454546,92.8030303030303,7.196969696969697,True,G-A-T-A-T,A-T-C-G-C,233,12,19,88.25757575757575,4.545454545454546,92.8030303030303,7.196969696969697,2,0.5878352510678483,1.0,0.8825757575757575,0.928030303030303,0.2947405065079092,-0.07196969696969702
PRJNA1037681,Australia,SRR26780119,5510;5520;5544;5558;5563,5,417,141480,5,G-A-T-A-T,A-T-C-G-C,386,23,8,92.56594724220624,5.515587529976019,98.08153477218225,1.9184652278177456,True,G-A-T-A-T,A-T-C-G-C,386,23,8,92.56594724220624,5.515587529976019,98.08153477218225,1.9184652278177456,2,0.7895157527822605,1.0,0.9256594724220624,0.9808153477218226,0.13614371963980187,-0.01918465227817745
PRJNA1037681,Australia,SRR26780123,5510;5520;5544;5558;5563,5,448,174843,6,G-A-T-A-T,A-T-C-G-C,422,16,10,94.19642857142857,3.571428571428571,97.76785714285714,2.232142857142857,True,G-A-T-A-T,A-T-C-G-C,422,16,10,94.19642857142857,3.571428571428571,97.76785714285714,2.232142857142857,2,0.8014507293795241,1.0,0.9419642857142857,0.9776785714285714,0.1405135563347616,-0.022321428571428603
PRJNA1037681,Australia,SRR26780126,5510;5520;5544;5558;5563,5,172,117666,5,G-A-T-A-T,A-T-C-G-C,145,21,6,84.30232558139535,12.209302325581394,96.51162790697676,3.488372093023256,True,G-A-T-A-T,A-T-C-G-C,145,21,6,84.30232558139535,12.209302325581394,96.51162790697676,3.488372093023256,2,0.6474913086872748,1.0,0.8430232558139535,0.9651162790697676,0.19553194712667876,-0.0348837209302324
PRJNA1037681,Australia,SRR26780127,5510;5520;5544;5558;5563,5,165,83028,4,G-A-T-A-T,A-T-C-G-C,147,14,4,89.0909090909091,8.484848484848486,97.57575757575758,2.4242424242424243,True,G-A-T-A-T,A-T-C-G-C,147,14,4,89.0909090909091,8.484848484848486,97.57575757575758,2.4242424242424243,2,0.6865493083437368,1.0,0.890909090909091,0.9757575757575758,0.20435978256535414,-0.024242424242424176
PRJNA1037681,Australia,SRR26780146,5510;5520;5544;5558;5563,5,858,445652,6,G-A-T-A-T,A-T-C-G-C,782,53,23,91.14219114219114,6.177156177156177,97.31934731934732,2.6806526806526807,True,G-A-T-A-T,A-T-C-G-C,782,53,23,91.14219114219114,6.177156177156177,97.31934731934732,2.6806526806526807,2,0.6778673526702345,1.0,0.9114219114219114,0.9731934731934732,0.23355455875167697,-0.026806526806526842
PRJNA1037681,Australia,SRR26780187,5510;5520;5544;5558;5563,5,1070,479235,7,G-A-T-A-T,A-T-C-G-C,990,59,21,92.5233644859813,5.514018691588785,98.03738317757009,1.9626168224299065,True,G-A-T-A-T,A-T-C-G-C,990,59,21,92.5233644859813,5.514018691588785,98.03738317757009,1.9626168224299065,2,0.7130290484420749,1.0,0.9252336448598131,0.9803738317757009,0.21220459641773814,-0.01962616822429908
PRJNA1037681,Australia,SRR26780205,5510;5520;5544;5558;5563,5,171,87151,5,G-A-T-A-T,A-T-C-G-C,154,10,7,90.05847953216374,5.847953216374268,95.90643274853801,4.093567251461988,True,G-A-T-A-T,A-T-C-G-C,154,10,7,90.05847953216374,5.847953216374268,95.90643274853801,4.093567251461988,2,0.7336107991455065,1.0,0.9005847953216375,0.9590643274853801,0.16697399617613096,-0.040935672514619936
PRJNA1037681,Australia,SRR26780206,5510;5520;5544;5558;5563,5,1195,591684,9,G-A-T-A-T,A-T-C-G-C,1092,58,45,91.3807531380753,4.853556485355648,96.23430962343096,3.765690376569038,True,G-A-T-A-T,A-T-C-G-C,1092,58,45,91.3807531380753,4.853556485355648,96.23430962343096,3.765690376569038,2,0.6946174803270257,1.0,0.9138075313807531,0.9623430962343096,0.21919005105372735,-0.03765690376569042
PRJNA1037681,Australia,SRR26780211,5510;5520;5544;5558;5563,5,354,112073,6,G-A-T-A-T,A-T-C-G-C,332,10,12,93.78531073446328,2.824858757062147,96.61016949152543,3.389830508474576,True,G-A-T-A-T,A-T-C-G-C,332,10,12,93.78531073446328,2.824858757062147,96.61016949152543,3.389830508474576,2,0.7587321927000045,1.0,0.9378531073446328,0.9661016949152542,0.17912091464462832,-0.03389830508474578
PRJNA1037681,Australia,SRR26780216,5510;5520;5544;5558;5563,5,617,261153,6,G-A-T-A-T,A-T-C-G-C,571,19,27,92.54457050243113,3.079416531604538,95.62398703403565,4.376012965964344,True,G-A-T-A-T,A-T-C-G-C,571,19,27,92.54457050243113,3.079416531604538,95.62398703403565,4.376012965964344,2,0.7430072339107074,1.0,0.9254457050243112,0.9562398703403565,0.18243847111360378,-0.04376012965964349
PRJNA1037681,Australia,SRR26780219,5510;5520;5544;5558;5563,5,804,239185,10,G-A-T-A-T,A-T-C-G-C,747,25,32,92.91044776119402,3.109452736318408,96.01990049751244,3.9800995024875623,True,G-A-T-A-T,A-T-C-G-C,747,25,32,92.91044776119402,3.109452736318408,96.01990049751244,3.9800995024875623,2,0.8391451285185958,0.9999999999999999,0.9291044776119403,0.9601990049751243,0.08995934909334447,-0.03980099502487555
PRJNA1037681,Australia,SRR26780237,5510;5520;5544;5558;5563,5,1392,688200,11,G-A-T-A-T,A-T-C-G-C,1248,96,48,89.65517241379311,6.896551724137931,96.55172413793103,3.4482758620689653,True,G-A-T-A-T,A-T-C-G-C,1248,96,48,89.65517241379311,6.896551724137931,96.55172413793103,3.4482758620689653,2,0.7179327107350938,1.0,0.896551724137931,0.9655172413793103,0.17861901340283726,-0.034482758620689724
PRJNA1130896,United States,SRR29679716,5531;5561,2,1035,500580,3,C-C,T-T,929,105,1,89.7584541062802,10.144927536231885,99.90338164251207,0.0966183574879227,True,C-C,T-T,929,105,1,89.7584541062802,10.144927536231885,99.90338164251207,0.0966183574879227,2,0.7456968501149668,1.0,0.8975845410628019,0.9990338164251207,0.15188769094783516,-0.0009661835748793202
PRJNA1130896,United States,SRR29679723,5531;5561,2,4188,1454661,4,C-C,T-T,3641,536,11,86.93887297039159,12.79847182425979,99.73734479465138,0.2626552053486151,True,C-C,T-T,3641,536,11,86.93887297039159,12.79847182425979,99.73734479465138,0.2626552053486151,2,0.7513122981544529,1.0,0.8693887297039159,0.9973734479465137,0.11807643154946301,-0.002626552053486275
PRJNA1130896,United States,SRR29679728,5531;5561,2,1997,762754,4,C-C,T-T,1668,324,5,83.52528793189785,16.224336504757137,99.74962443665498,0.25037556334501754,True,C-C,T-T,1668,324,5,83.52528793189785,16.224336504757137,99.74962443665498,0.25037556334501754,2,0.7524420061319879,1.0,0.8352528793189785,0.9974962443665498,0.08281087318699065,-0.0025037556334501776
PRJNA1130896,United States,SRR29679729,5531;5561,2,3101,1310194,6,C-C,T-T,2442,649,10,78.74879071267333,20.92873266688165,99.67752337955498,0.32247662044501774,True,C-C,T-T,2442,649,10,78.74879071267333,20.92873266688165,99.67752337955498,0.32247662044501774,2,0.6862293117449161,1.0,0.7874879071267332,0.9967752337955499,0.10125859538181714,-0.0032247662044501135
PRJNA1130896,United States,SRR29679738,5531;5561,2,3070,1002728,4,C-C,T-T,2750,318,2,89.57654723127035,10.35830618892508,99.93485342019544,0.06514657980456026,True,C-C,T-T,2750,318,2,89.57654723127035,10.35830618892508,99.93485342019544,0.06514657980456026,2,0.7560412528436443,1.0,0.8957654723127035,0.9993485342019544,0.13972421946905922,-0.0006514657980456473
PRJNA1130896,United States,SRR29679814,5531;5561,2,3142,1418122,5,C-C,T-T,1906,1228,8,60.661998726925525,39.08338637810312,99.74538510502865,0.2546148949713558,True,C-C,T-T,1906,1228,8,60.661998726925525,39.08338637810312,99.74538510502865,0.2546148949713558,2,0.6512253869143104,1.0,0.6066199872692553,0.9974538510502865,-0.044605399645055166,-0.0025461489497135004
PRJNA1130896,United States,SRR29679823,5531;5561,2,3552,1165988,5,C-C,T-T,2645,896,11,74.46509009009009,25.225225225225223,99.69031531531532,0.3096846846846847,True,C-C,T-T,2645,896,11,74.46509009009009,25.225225225225223,99.69031531531532,0.3096846846846847,2,0.7433248411941512,1.0,0.7446509009009009,0.9969031531531531,0.0013260597067497049,-0.003096846846846857
PRJNA1130896,United States,SRR29679837,5531;5561,2,2644,969753,3,C-C,T-T,2174,469,1,82.22390317700454,17.738275340393344,99.96217851739789,0.037821482602118005,True,C-C,T-T,2174,469,1,82.22390317700454,17.738275340393344,99.96217851739789,0.037821482602118005,2,0.7475688409467328,1.0,0.8222390317700454,0.9996217851739789,0.07467019082331261,-0.0003782148260210727
PRJNA1130896,United States,SRR29679842,5531;5561,2,271,85592,3,C-C,T-T,231,39,1,85.23985239852398,14.391143911439114,99.63099630996311,0.36900369003690037,True,C-C,T-T,231,39,1,85.23985239852398,14.391143911439114,99.63099630996311,0.36900369003690037,2,0.7967298438348422,1.0,0.8523985239852397,0.996309963099631,0.0556686801503975,-0.0036900369003689537
PRJNA1130896,United States,SRR29679851,5531;5561,2,4405,2048007,4,C-C,T-T,3960,442,3,89.89784335981838,10.03405221339387,99.93189557321226,0.0681044267877412,True,C-C,T-T,3960,442,3,89.89784335981838,10.03405221339387,99.93189557321226,0.0681044267877412,2,0.7404175546367235,1.0,0.8989784335981839,0.9993189557321226,0.15856087896146032,-0.0006810442678774065
PRJNA1130896,United States,SRR29679852,5531;5561,2,2523,1012458,5,C-C,T-T,2188,297,38,86.72215616329765,11.771700356718192,98.49385652001585,1.506143479984146,True,C-C,T-T,2188,297,38,86.72215616329765,11.771700356718192,98.49385652001585,1.506143479984146,2,0.694323438141934,0.9714777207878003,0.8672215616329766,0.9849385652001585,0.1728981234910426,0.013460844412358286
PRJNA1130896,United States,SRR29679854,5531;5561,2,1430,599960,3,C-C,T-T,1037,392,1,72.5174825174825,27.412587412587413,99.93006993006993,0.06993006993006994,True,C-C,T-T,1037,392,1,72.5174825174825,27.412587412587413,99.93006993006993,0.06993006993006994,2,0.6929496476250449,1.0,0.725174825174825,0.9993006993006993,0.03222517754978016,-0.0006993006993006867
PRJNA1130896,United States,SRR29679864,5531;5561,2,362,187077,3,C-C,T-T,305,50,7,84.25414364640883,13.812154696132598,98.06629834254143,1.9337016574585635,True,C-C,T-T,305,50,7,84.25414364640883,13.812154696132598,98.06629834254143,1.9337016574585635,2,0.7175939119785557,0.9744375308848368,0.8425414364640883,0.9806629834254142,0.12494752448553259,0.006225452540577492
PRJNA1130896,United States,SRR29679874,5531;5561,2,556,251345,3,C-C,T-T,433,122,1,77.87769784172663,21.942446043165468,99.82014388489209,0.1798561151079137,True,C-C,T-T,433,122,1,77.87769784172663,21.942446043165468,99.82014388489209,0.1798561151079137,2,0.7062607395302634,1.0,0.7787769784172663,0.9982014388489209,0.07251623888700298,-0.0017985611510791255
PRJNA1130896,United States,SRR29692818,5531;5561,2,151,75146,2,C-C,T-T,113,38,0,74.83443708609272,25.165562913907287,100.0,0.0,True,C-C,T-T,113,38,0,74.83443708609272,25.165562913907287,100.0,0.0,2,0.6067793744122282,1.0,0.7483443708609272,1.0,0.14156499644869902,0.0
PRJNA1130896,United States,SRR29692831,5531;5561,2,893,495708,3,C-C,T-T,643,244,6,72.00447928331467,27.32362821948488,99.32810750279955,0.6718924972004479,True,C-C,T-T,643,244,6,72.00447928331467,27.32362821948488,99.32810750279955,0.6718924972004479,2,0.6098850456486777,1.0,0.7200447928331467,0.9932810750279956,0.11015974718446897,-0.006718924972004436
PRJNA1130896,United States,SRR29692854,5531;5561,2,339,124720,2,C-C,T-T,291,48,0,85.84070796460178,14.15929203539823,100.0,0.0,True,C-C,T-T,291,48,0,85.84070796460178,14.15929203539823,100.0,0.0,2,0.7965665110589417,1.0,0.8584070796460178,1.0,0.061840568587076095,0.0
PRJNA1130896,United States,SRR29692857,5531;5561,2,1115,552722,4,C-C,T-T,915,193,7,82.0627802690583,17.309417040358742,99.37219730941705,0.6278026905829596,True,C-C,T-T,915,193,7,82.0627802690583,17.309417040358742,99.37219730941705,0.6278026905829596,2,0.7993982309039193,1.0,0.8206278026905829,0.9937219730941704,0.021229571786663626,-0.00627802690582957
PRJNA1130896,United States,SRR29692875,5531;5561,2,2765,834215,6,C-C,T-T,2179,572,14,78.80650994575045,20.687160940325498,99.49367088607595,0.5063291139240507,True,C-C,T-T,2179,572,14,78.80650994575045,20.687160940325498,99.49367088607595,0.5063291139240507,2,0.736073626686376,1.0,0.7880650994575045,0.9949367088607595,0.05199147277112848,-0.005063291139240533
PRJNA1130896,United States,SRR29692889,5531;5561,2,1622,404381,5,C-C,T-T,1214,405,3,74.84586929716399,24.9691738594328,99.8150431565968,0.18495684340320592,True,C-C,T-T,1214,405,3,74.84586929716399,24.9691738594328,99.8150431565968,0.18495684340320592,2,0.7674915247114079,1.0,0.7484586929716399,0.998150431565968,-0.019032831739767997,-0.0018495684340319452
PRJNA1130896,United States,SRR29692933,5531;5561,2,2304,965115,6,C-C,T-T,1547,741,16,67.14409722222221,32.16145833333333,99.30555555555556,0.6944444444444444,True,C-C,T-T,1547,741,16,67.14409722222221,32.16145833333333,99.30555555555556,0.6944444444444444,2,0.7019706120271837,1.0,0.6714409722222221,0.9930555555555556,-0.030529639804961595,-0.00694444444444442
PRJNA1130896,United States,SRR29692939,5531;5561,2,2080,713642,7,C-C,T-T,1812,259,9,87.11538461538461,12.451923076923077,99.5673076923077,0.4326923076923077,True,C-C,T-T,1812,259,9,87.11538461538461,12.451923076923077,99.5673076923077,0.4326923076923077,2,0.7673802146487777,1.0,0.8711538461538462,0.9956730769230769,0.10377363150506846,-0.0043269230769230616
PRJNA1130896,United States,SRR29692974,5531;5561,2,442,168535,2,C-C,T-T,356,86,0,80.54298642533936,19.457013574660635,100.0,0.0,True,C-C,T-T,356,86,0,80.54298642533936,19.457013574660635,100.0,0.0,2,0.7389765041234515,1.0,0.8054298642533937,1.0,0.06645336012994218,0.0
PRJNA1130896,United States,SRR29692985,5531;5561,2,4228,1178176,6,C-C,T-T,3780,432,16,89.40397350993378,10.21759697256386,99.62157048249763,0.3784295175023652,True,C-C,T-T,3780,432,16,89.40397350993378,10.21759697256386,99.62157048249763,0.3784295175023652,3,0.7749677936276451,0.9659037308783953,0.8940397350993378,0.9962157048249763,0.11907194147169264,0.030311973946581028
PRJNA1130896,United States,SRR29692998,5531;5561,2,2959,664055,4,C-C,T-T,2625,329,5,88.71240283879689,11.118621155795877,99.83102399459277,0.16897600540723218,True,C-C,T-T,2625,329,5,88.71240283879689,11.118621155795877,99.83102399459277,0.16897600540723218,2,0.8206023801562456,1.0,0.8871240283879689,0.9983102399459277,0.06652164823172324,-0.0016897600540722868
PRJNA1130896,United States,SRR29693058,5531;5561,2,353,140653,3,C-C,T-T,239,112,2,67.70538243626062,31.728045325779036,99.43342776203966,0.56657223796034,True,C-C,T-T,239,112,2,67.70538243626062,31.728045325779036,99.43342776203966,0.56657223796034,2,0.5381403205208668,1.0,0.6770538243626062,0.9943342776203966,0.1389135038417394,-0.005665722379603388
