project,project_label,project_short,SampleID,global_short_label,validation_sample_set,selected_TreeCluster_combo,collection_date,year_month,clade,position,aa_position,Reference,Allele,lofreq_status,other_alts_at_position,AF,plot_AF,target_allele_frequency_percent,reference_allele_frequency_percent,alt_frequency_percent,ref_frequency_percent,DP,ref_depth,alt_depth,QUAL,FILTER
PRJNA1037681,Australia,AU,SRR26779971,AU-S01,AU linked iSNV validation set,C4+C6,2022/5/15,2022-05,A.D.3.1,5510,287,G,A,called_target_alt,A,0.045455,0.045455,4.5455000000000005,95.4545,4.5455000000000005,95.4545,638.0,608.0,29.0,424,PASS
PRJNA1037681,Australia,AU,SRR26779971,AU-S01,AU linked iSNV validation set,C4+C6,2022/5/15,2022-05,A.D.3.1,5520,290,A,T,called_target_alt,T,0.055016,0.055016,5.5016,94.4984,5.5016,94.4984,618.0,584.0,34.0,622,PASS
PRJNA1037681,Australia,AU,SRR26779971,AU-S01,AU linked iSNV validation set,C4+C6,2022/5/15,2022-05,A.D.3.1,5544,298,C,T,called_target_alt,T,0.940496,0.940496,94.0496,5.9504,94.0496,5.9504,605.0,36.0,569.0,20620,PASS
PRJNA1037681,Australia,AU,SRR26779971,AU-S01,AU linked iSNV validation set,C4+C6,2022/5/15,2022-05,A.D.3.1,5558,303,G,A,called_target_alt,A,0.953947,0.953947,95.3947,4.6053000000000015,95.3947,4.6053000000000015,608.0,28.0,580.0,20810,PASS
PRJNA1037681,Australia,AU,SRR26779971,AU-S01,AU linked iSNV validation set,C4+C6,2022/5/15,2022-05,A.D.3.1,5563,304,T,C,called_target_alt,C,0.045752,0.045752,4.5752,95.4248,4.5752,95.4248,612.0,584.0,28.0,545,PASS
PRJNA1037681,Australia,AU,SRR26780187,AU-S02,AU linked iSNV validation set,C4+C6,2022/5/16,2022-05,A.D.3.1,5510,287,G,A,called_target_alt,A,0.04613,0.04613,4.6129999999999995,95.387,4.6129999999999995,95.387,1951.0,1861.0,90.0,1306,PASS
PRJNA1037681,Australia,AU,SRR26780187,AU-S02,AU linked iSNV validation set,C4+C6,2022/5/16,2022-05,A.D.3.1,5520,290,A,T,called_target_alt,T,0.04594,0.04594,4.594,95.406,4.594,95.406,1872.0,1786.0,86.0,1440,PASS
PRJNA1037681,Australia,AU,SRR26780187,AU-S02,AU linked iSNV validation set,C4+C6,2022/5/16,2022-05,A.D.3.1,5544,298,C,T,called_target_alt,T,0.944789,0.944789,94.4789,5.521100000000001,94.4789,5.521100000000001,1775.0,97.0,1677.0,49314,PASS
PRJNA1037681,Australia,AU,SRR26780187,AU-S02,AU linked iSNV validation set,C4+C6,2022/5/16,2022-05,A.D.3.1,5558,303,G,A,called_target_alt,A,0.95085,0.95085,95.085,4.915000000000003,95.085,4.915000000000003,1648.0,81.0,1567.0,49314,PASS
PRJNA1037681,Australia,AU,SRR26780187,AU-S02,AU linked iSNV validation set,C4+C6,2022/5/16,2022-05,A.D.3.1,5563,304,T,C,called_target_alt,C,0.047856,0.047856,4.7856000000000005,95.2144,4.7856000000000005,95.2144,1609.0,1532.0,77.0,1399,PASS
PRJNA1037681,Australia,AU,SRR26780146,AU-S03,AU linked iSNV validation set,C4+C6,2022/5/28,2022-05,A.D.3.1,5510,287,G,A,called_target_alt,A,0.051931,0.051931,5.193099999999999,94.8069,5.193099999999999,94.8069,1502.0,1424.0,78.0,1216,PASS
PRJNA1037681,Australia,AU,SRR26780146,AU-S03,AU linked iSNV validation set,C4+C6,2022/5/28,2022-05,A.D.3.1,5520,290,A,T,called_target_alt,G;T,0.065637,0.065637,6.5637,93.4363,6.5637,93.4363,1554.0,1441.0,102.0,1929,PASS
PRJNA1037681,Australia,AU,SRR26780146,AU-S03,AU linked iSNV validation set,C4+C6,2022/5/28,2022-05,A.D.3.1,5544,298,C,T,called_target_alt,T,0.939736,0.939736,93.9736,6.026399999999999,93.9736,6.026399999999999,1593.0,94.0,1497.0,49314,PASS
PRJNA1037681,Australia,AU,SRR26780146,AU-S03,AU linked iSNV validation set,C4+C6,2022/5/28,2022-05,A.D.3.1,5558,303,G,A,called_target_alt,A,0.952381,0.952381,95.2381,4.761899999999997,95.2381,4.761899999999997,1764.0,82.0,1680.0,49314,PASS
PRJNA1037681,Australia,AU,SRR26780146,AU-S03,AU linked iSNV validation set,C4+C6,2022/5/28,2022-05,A.D.3.1,5563,304,T,C,called_target_alt,C,0.044818,0.044818,4.4818,95.5182,4.4818,95.5182,1785.0,1705.0,80.0,1348,PASS
PRJNA1037681,Australia,AU,SRR26780067,AU-S04,AU linked iSNV validation set,C4+C6,2022/5/30,2022-05,A.D.3.1,5510,287,G,A,called_target_alt,A,0.085859,0.085859,8.5859,91.4141,8.5859,91.4141,198.0,177.0,17.0,302,PASS
PRJNA1037681,Australia,AU,SRR26780067,AU-S04,AU linked iSNV validation set,C4+C6,2022/5/30,2022-05,A.D.3.1,5520,290,A,T,called_target_alt,T,0.084507,0.084507,8.4507,91.5493,8.4507,91.5493,213.0,193.0,18.0,322,PASS
PRJNA1037681,Australia,AU,SRR26780067,AU-S04,AU linked iSNV validation set,C4+C6,2022/5/30,2022-05,A.D.3.1,5544,298,C,T,called_target_alt,T,0.930131,0.930131,93.01310000000001,6.986899999999996,93.01310000000001,6.986899999999996,229.0,16.0,213.0,7707,PASS
PRJNA1037681,Australia,AU,SRR26780067,AU-S04,AU linked iSNV validation set,C4+C6,2022/5/30,2022-05,A.D.3.1,5558,303,G,A,called_target_alt,A,0.948718,0.948718,94.8718,5.128200000000005,94.8718,5.128200000000005,273.0,14.0,259.0,9377,PASS
PRJNA1037681,Australia,AU,SRR26780067,AU-S04,AU linked iSNV validation set,C4+C6,2022/5/30,2022-05,A.D.3.1,5563,304,T,C,called_target_alt,C,0.043956,0.043956,4.3956,95.6044,4.3956,95.6044,273.0,261.0,12.0,197,PASS
PRJNA1037681,Australia,AU,SRR26780216,AU-S05,AU linked iSNV validation set,C4+C6,2022/6/1,2022-06,A.D.3.1,5510,287,G,A,called_target_alt,A,0.039336,0.039336,3.9336,96.0664,3.9336,96.0664,1144.0,1099.0,45.0,601,PASS
PRJNA1037681,Australia,AU,SRR26780216,AU-S05,AU linked iSNV validation set,C4+C6,2022/6/1,2022-06,A.D.3.1,5520,290,A,T,called_target_alt,T,0.049908,0.049908,4.9908,95.0092,4.9908,95.0092,1082.0,1028.0,54.0,914,PASS
PRJNA1037681,Australia,AU,SRR26780216,AU-S05,AU linked iSNV validation set,C4+C6,2022/6/1,2022-06,A.D.3.1,5544,298,C,T,called_target_alt,T,0.940877,0.940877,94.0877,5.912300000000004,94.0877,5.912300000000004,981.0,58.0,923.0,33770,PASS
PRJNA1037681,Australia,AU,SRR26780216,AU-S05,AU linked iSNV validation set,C4+C6,2022/6/1,2022-06,A.D.3.1,5558,303,G,A,called_target_alt,A,0.943905,0.943905,94.3905,5.609500000000001,94.3905,5.609500000000001,927.0,52.0,875.0,31375,PASS
PRJNA1037681,Australia,AU,SRR26780216,AU-S05,AU linked iSNV validation set,C4+C6,2022/6/1,2022-06,A.D.3.1,5563,304,T,C,called_target_alt,C,0.050223,0.050223,5.0222999999999995,94.9777,5.0222999999999995,94.9777,896.0,851.0,45.0,654,PASS
PRJNA1037681,Australia,AU,SRR26780123,AU-S09,AU linked iSNV validation set,C4+C6,2022/6/19,2022-06,A.D.3.1,5510,287,G,A,called_target_alt,A,0.04893,0.04893,4.893,95.107,4.893,95.107,981.0,933.0,48.0,606,PASS
PRJNA1037681,Australia,AU,SRR26780123,AU-S09,AU linked iSNV validation set,C4+C6,2022/6/19,2022-06,A.D.3.1,5520,290,A,T,called_target_alt,T,0.062299,0.062299,6.2299,93.7701,6.2299,93.7701,931.0,871.0,58.0,981,PASS
PRJNA1037681,Australia,AU,SRR26780123,AU-S09,AU linked iSNV validation set,C4+C6,2022/6/19,2022-06,A.D.3.1,5544,298,C,T,called_target_alt,T,0.942222,0.942222,94.2222,5.777799999999999,94.2222,5.777799999999999,900.0,52.0,848.0,30342,PASS
PRJNA1037681,Australia,AU,SRR26780123,AU-S09,AU linked iSNV validation set,C4+C6,2022/6/19,2022-06,A.D.3.1,5558,303,G,A,called_target_alt,A,0.973594,0.973594,97.3594,2.640600000000004,97.3594,2.640600000000004,871.0,23.0,848.0,30944,PASS
PRJNA1037681,Australia,AU,SRR26780123,AU-S09,AU linked iSNV validation set,C4+C6,2022/6/19,2022-06,A.D.3.1,5563,304,T,C,called_target_alt,C,0.023364,0.023364,2.3364,97.66359999999999,2.3364,97.66359999999999,856.0,836.0,20.0,275,PASS
PRJNA1037681,Australia,AU,SRR26780126,AU-S10,AU linked iSNV validation set,C4+C6,2022/6/19,2022-06,A.D.3.1,5510,287,G,A,called_target_alt,A,0.076503,0.076503,7.6503000000000005,92.3497,7.6503000000000005,92.3497,366.0,338.0,28.0,464,PASS
PRJNA1037681,Australia,AU,SRR26780126,AU-S10,AU linked iSNV validation set,C4+C6,2022/6/19,2022-06,A.D.3.1,5520,290,A,T,called_target_alt,T,0.099379,0.099379,9.937899999999999,90.0621,9.937899999999999,90.0621,322.0,290.0,32.0,614,PASS
PRJNA1037681,Australia,AU,SRR26780126,AU-S10,AU linked iSNV validation set,C4+C6,2022/6/19,2022-06,A.D.3.1,5544,298,C,T,called_target_alt,T,0.90301,0.90301,90.301,9.699000000000002,90.301,9.699000000000002,299.0,29.0,270.0,9525,PASS
PRJNA1037681,Australia,AU,SRR26780126,AU-S10,AU linked iSNV validation set,C4+C6,2022/6/19,2022-06,A.D.3.1,5558,303,G,A,called_target_alt,A,0.923304,0.923304,92.3304,7.669599999999999,92.3304,7.669599999999999,339.0,26.0,313.0,11049,PASS
PRJNA1037681,Australia,AU,SRR26780126,AU-S10,AU linked iSNV validation set,C4+C6,2022/6/19,2022-06,A.D.3.1,5563,304,T,C,called_target_alt,C,0.076246,0.076246,7.624599999999999,92.3754,7.624599999999999,92.3754,341.0,315.0,26.0,456,PASS
PRJNA1037681,Australia,AU,SRR26779994,AU-S06,AU linked iSNV validation set,C4+C6,2022/6/2,2022-06,A.D.3.1,5510,287,G,A,called_target_alt,A,0.031902,0.031902,3.1902,96.8098,3.1902,96.8098,815.0,789.0,26.0,316,PASS
PRJNA1037681,Australia,AU,SRR26779994,AU-S06,AU linked iSNV validation set,C4+C6,2022/6/2,2022-06,A.D.3.1,5520,290,A,T,called_target_alt,T,0.050063,0.050063,5.0063,94.9937,5.0063,94.9937,799.0,756.0,40.0,667,PASS
PRJNA1037681,Australia,AU,SRR26779994,AU-S06,AU linked iSNV validation set,C4+C6,2022/6/2,2022-06,A.D.3.1,5544,298,C,T,called_target_alt,T,0.934174,0.934174,93.4174,6.582600000000005,93.4174,6.582600000000005,714.0,47.0,667.0,24118,PASS
PRJNA1037681,Australia,AU,SRR26779994,AU-S06,AU linked iSNV validation set,C4+C6,2022/6/2,2022-06,A.D.3.1,5558,303,G,A,called_target_alt,A,0.955204,0.955204,95.52040000000001,4.479599999999994,95.52040000000001,4.479599999999994,759.0,34.0,725.0,25830,PASS
PRJNA1037681,Australia,AU,SRR26779994,AU-S06,AU linked iSNV validation set,C4+C6,2022/6/2,2022-06,A.D.3.1,5563,304,T,C,called_target_alt,C,0.040629,0.040629,4.0629,95.9371,4.0629,95.9371,763.0,732.0,31.0,542,PASS
PRJNA1037681,Australia,AU,SRR26780219,AU-S07,AU linked iSNV validation set,C4+C6,2022/6/2,2022-06,A.D.3.1,5510,287,G,A,called_target_alt,A,0.027127,0.027127,2.7127,97.2873,2.7127,97.2873,1622.0,1578.0,44.0,467,PASS
PRJNA1037681,Australia,AU,SRR26780219,AU-S07,AU linked iSNV validation set,C4+C6,2022/6/2,2022-06,A.D.3.1,5520,290,A,T,called_target_alt,T,0.031716,0.031716,3.1716,96.8284,3.1716,96.8284,1608.0,1548.0,51.0,785,PASS
PRJNA1037681,Australia,AU,SRR26780219,AU-S07,AU linked iSNV validation set,C4+C6,2022/6/2,2022-06,A.D.3.1,5544,298,C,T,called_target_alt,T,0.957921,0.957921,95.7921,4.207899999999998,95.7921,4.207899999999998,1616.0,67.0,1548.0,49314,PASS
PRJNA1037681,Australia,AU,SRR26780219,AU-S07,AU linked iSNV validation set,C4+C6,2022/6/2,2022-06,A.D.3.1,5558,303,G,A,called_target_alt,A,0.971429,0.971429,97.1429,2.8571000000000013,97.1429,2.8571000000000013,1645.0,45.0,1598.0,49314,PASS
PRJNA1037681,Australia,AU,SRR26780219,AU-S07,AU linked iSNV validation set,C4+C6,2022/6/2,2022-06,A.D.3.1,5563,304,T,C,called_target_alt,C,0.029324,0.029324,2.9324,97.0676,2.9324,97.0676,1671.0,1622.0,49.0,806,PASS
PRJNA1037681,Australia,AU,SRR26780127,AU-S11,AU linked iSNV validation set,C4+C6,2022/6/21,2022-06,A.D.3.1,5510,287,G,A,called_target_alt,A,0.072508,0.072508,7.2508,92.7492,7.2508,92.7492,331.0,307.0,24.0,349,PASS
PRJNA1037681,Australia,AU,SRR26780127,AU-S11,AU linked iSNV validation set,C4+C6,2022/6/21,2022-06,A.D.3.1,5520,290,A,T,called_target_alt,T,0.07309,0.07309,7.309,92.691,7.309,92.691,301.0,277.0,22.0,451,PASS
PRJNA1037681,Australia,AU,SRR26780127,AU-S11,AU linked iSNV validation set,C4+C6,2022/6/21,2022-06,A.D.3.1,5544,298,C,T,called_target_alt,T,0.920578,0.920578,92.0578,7.9422,92.0578,7.9422,277.0,22.0,255.0,9209,PASS
PRJNA1037681,Australia,AU,SRR26780127,AU-S11,AU linked iSNV validation set,C4+C6,2022/6/21,2022-06,A.D.3.1,5558,303,G,A,called_target_alt,A,0.927007,0.927007,92.7007,7.299299999999997,92.7007,7.299299999999997,274.0,20.0,254.0,9043,PASS
PRJNA1037681,Australia,AU,SRR26780127,AU-S11,AU linked iSNV validation set,C4+C6,2022/6/21,2022-06,A.D.3.1,5563,304,T,C,called_target_alt,C,0.072202,0.072202,7.2202,92.7798,7.2202,92.7798,277.0,257.0,20.0,408,PASS
PRJNA1037681,Australia,AU,SRR26779980,AU-S12,AU linked iSNV validation set,C4+C6,2022/6/25,2022-06,A.D.3.1,5510,287,G,A,called_target_alt,A,0.049557,0.049557,4.955699999999999,95.0443,4.955699999999999,95.0443,1917.0,1822.0,95.0,1211,PASS
PRJNA1037681,Australia,AU,SRR26779980,AU-S12,AU linked iSNV validation set,C4+C6,2022/6/25,2022-06,A.D.3.1,5520,290,A,T,called_target_alt,T,0.048458,0.048458,4.8458000000000006,95.1542,4.8458000000000006,95.1542,1816.0,1724.0,88.0,1386,PASS
PRJNA1037681,Australia,AU,SRR26779980,AU-S12,AU linked iSNV validation set,C4+C6,2022/6/25,2022-06,A.D.3.1,5544,298,C,T,called_target_alt,T,0.951161,0.951161,95.1161,4.883899999999997,95.1161,4.883899999999997,1679.0,82.0,1597.0,49314,PASS
PRJNA1037681,Australia,AU,SRR26779980,AU-S12,AU linked iSNV validation set,C4+C6,2022/6/25,2022-06,A.D.3.1,5558,303,G,A,called_target_alt,A,0.957183,0.957183,95.7183,4.281699999999999,95.7183,4.281699999999999,1775.0,76.0,1699.0,49314,PASS
PRJNA1037681,Australia,AU,SRR26779980,AU-S12,AU linked iSNV validation set,C4+C6,2022/6/25,2022-06,A.D.3.1,5563,304,T,C,called_target_alt,C,0.04162,0.04162,4.162,95.838,4.162,95.838,1778.0,1703.0,74.0,1099,PASS
PRJNA1037681,Australia,AU,SRR26780034,AU-S13,AU linked iSNV validation set,C4+C6,2022/6/27,2022-06,A.D.3.1,5510,287,G,A,called_target_alt,A,0.04797,0.04797,4.797,95.203,4.797,95.203,542.0,516.0,26.0,352,PASS
PRJNA1037681,Australia,AU,SRR26780034,AU-S13,AU linked iSNV validation set,C4+C6,2022/6/27,2022-06,A.D.3.1,5520,290,A,T,called_target_alt,T,0.049242,0.049242,4.9242,95.0758,4.9242,95.0758,528.0,502.0,26.0,435,PASS
PRJNA1037681,Australia,AU,SRR26780034,AU-S13,AU linked iSNV validation set,C4+C6,2022/6/27,2022-06,A.D.3.1,5544,298,C,T,called_target_alt,T,0.952891,0.952891,95.2891,4.710899999999995,95.2891,4.710899999999995,467.0,22.0,445.0,16047,PASS
PRJNA1037681,Australia,AU,SRR26780034,AU-S13,AU linked iSNV validation set,C4+C6,2022/6/27,2022-06,A.D.3.1,5558,303,G,A,called_target_alt,A,0.954071,0.954071,95.4071,4.5929,95.4071,4.5929,479.0,22.0,457.0,16309,PASS
PRJNA1037681,Australia,AU,SRR26780034,AU-S13,AU linked iSNV validation set,C4+C6,2022/6/27,2022-06,A.D.3.1,5563,304,T,C,called_target_alt,C,0.03666,0.03666,3.666,96.334,3.666,96.334,491.0,473.0,18.0,311,PASS
PRJNA1037681,Australia,AU,SRR26780211,AU-S08,AU linked iSNV validation set,C4+C6,2022/6/7,2022-06,A.D.3.1,5510,287,G,A,called_target_alt,A,0.040404,0.040404,4.0404,95.9596,4.0404,95.9596,693.0,665.0,28.0,372,PASS
PRJNA1037681,Australia,AU,SRR26780211,AU-S08,AU linked iSNV validation set,C4+C6,2022/6/7,2022-06,A.D.3.1,5520,290,A,T,called_target_alt,T,0.042151,0.042151,4.2151000000000005,95.7849,4.2151000000000005,95.7849,688.0,657.0,29.0,493,PASS
PRJNA1037681,Australia,AU,SRR26780211,AU-S08,AU linked iSNV validation set,C4+C6,2022/6/7,2022-06,A.D.3.1,5544,298,C,T,called_target_alt,T,0.946502,0.946502,94.6502,5.3498000000000046,94.6502,5.3498000000000046,729.0,39.0,690.0,25052,PASS
PRJNA1037681,Australia,AU,SRR26780211,AU-S08,AU linked iSNV validation set,C4+C6,2022/6/7,2022-06,A.D.3.1,5558,303,G,A,called_target_alt,A,0.966292,0.966292,96.6292,3.370799999999996,96.6292,3.370799999999996,712.0,24.0,688.0,25208,PASS
PRJNA1037681,Australia,AU,SRR26780211,AU-S08,AU linked iSNV validation set,C4+C6,2022/6/7,2022-06,A.D.3.1,5563,304,T,C,called_target_alt,C,0.027816,0.027816,2.7816,97.2184,2.7816,97.2184,719.0,699.0,20.0,318,PASS
PRJNA1037681,Australia,AU,SRR26779974,AU-S16,AU linked iSNV validation set,C4+C6,2022/7/10,2022-07,A.D.3.1,5510,287,G,A,called_target_alt,A,0.064958,0.064958,6.4958,93.5042,6.4958,93.5042,1678.0,1563.0,109.0,1754,PASS
PRJNA1037681,Australia,AU,SRR26779974,AU-S16,AU linked iSNV validation set,C4+C6,2022/7/10,2022-07,A.D.3.1,5520,290,A,T,called_target_alt,T,0.093609,0.093609,9.360899999999999,90.6391,9.360899999999999,90.6391,1549.0,1401.0,145.0,2892,PASS
PRJNA1037681,Australia,AU,SRR26779974,AU-S16,AU linked iSNV validation set,C4+C6,2022/7/10,2022-07,A.D.3.1,5544,298,C,T,called_target_alt,T,0.883834,0.883834,88.3834,11.616599999999998,88.3834,11.616599999999998,1231.0,143.0,1088.0,38047,PASS
PRJNA1037681,Australia,AU,SRR26779974,AU-S16,AU linked iSNV validation set,C4+C6,2022/7/10,2022-07,A.D.3.1,5558,303,G,A,called_target_alt,A,0.899648,0.899648,89.9648,10.0352,89.9648,10.0352,1136.0,112.0,1022.0,35648,PASS
PRJNA1037681,Australia,AU,SRR26779974,AU-S16,AU linked iSNV validation set,C4+C6,2022/7/10,2022-07,A.D.3.1,5563,304,T,C,called_target_alt,C,0.093836,0.093836,9.3836,90.6164,9.3836,90.6164,1087.0,985.0,102.0,1962,PASS
PRJNA1037681,Australia,AU,SRR26779981,AU-S17,AU linked iSNV validation set,C4+C6,2022/7/10,2022-07,A.D.3.1,5510,287,G,A,called_target_alt,A,0.070018,0.070018,7.001799999999999,92.9982,7.001799999999999,92.9982,1114.0,1035.0,78.0,1276,PASS
PRJNA1037681,Australia,AU,SRR26779981,AU-S17,AU linked iSNV validation set,C4+C6,2022/7/10,2022-07,A.D.3.1,5520,290,A,T,called_target_alt,T,0.10609,0.10609,10.609,89.39099999999999,10.609,89.39099999999999,1018.0,908.0,108.0,2192,PASS
PRJNA1037681,Australia,AU,SRR26779981,AU-S17,AU linked iSNV validation set,C4+C6,2022/7/10,2022-07,A.D.3.1,5544,298,C,T,called_target_alt,T,0.868119,0.868119,86.8119,13.188100000000002,86.8119,13.188100000000002,872.0,115.0,757.0,26464,PASS
PRJNA1037681,Australia,AU,SRR26779981,AU-S17,AU linked iSNV validation set,C4+C6,2022/7/10,2022-07,A.D.3.1,5558,303,G,A,called_target_alt,A,0.895906,0.895906,89.5906,10.409400000000002,89.5906,10.409400000000002,855.0,89.0,766.0,26515,PASS
PRJNA1037681,Australia,AU,SRR26779981,AU-S17,AU linked iSNV validation set,C4+C6,2022/7/10,2022-07,A.D.3.1,5563,304,T,C,called_target_alt,C,0.091657,0.091657,9.165700000000001,90.8343,9.165700000000001,90.8343,851.0,773.0,78.0,1473,PASS
PRJNA1037681,Australia,AU,SRR26779985,AU-S18,AU linked iSNV validation set,C4+C6,2022/7/17,2022-07,A.D.3.1,5510,287,G,A,called_target_alt,A;GA,0.073598,0.073598,7.3598,92.6402,7.3598,92.6402,1712.0,1586.0,126.0,2120,PASS
PRJNA1037681,Australia,AU,SRR26779985,AU-S18,AU linked iSNV validation set,C4+C6,2022/7/17,2022-07,A.D.3.1,5520,290,A,T,called_target_alt,T,0.089128,0.089128,8.9128,91.0872,8.9128,91.0872,1582.0,1437.0,141.0,2705,PASS
PRJNA1037681,Australia,AU,SRR26779985,AU-S18,AU linked iSNV validation set,C4+C6,2022/7/17,2022-07,A.D.3.1,5544,298,C,T,called_target_alt,T,0.872075,0.872075,87.20750000000001,12.792499999999995,87.20750000000001,12.792499999999995,1282.0,164.0,1118.0,38182,PASS
PRJNA1037681,Australia,AU,SRR26779985,AU-S18,AU linked iSNV validation set,C4+C6,2022/7/17,2022-07,A.D.3.1,5558,303,G,A,called_target_alt,A,0.919679,0.919679,91.9679,8.032099999999998,91.9679,8.032099999999998,1245.0,100.0,1145.0,40369,PASS
PRJNA1037681,Australia,AU,SRR26779985,AU-S18,AU linked iSNV validation set,C4+C6,2022/7/17,2022-07,A.D.3.1,5563,304,T,C,called_target_alt,C,0.070617,0.070617,7.0617,92.9383,7.0617,92.9383,1232.0,1143.0,87.0,1550,PASS
PRJNA1037681,Australia,AU,SRR26780119,AU-S14,AU linked iSNV validation set,C4+C6,2022/7/2,2022-07,A.D.3.1,5510,287,G,A,called_target_alt,A,0.050786,0.050786,5.0786,94.9214,5.0786,94.9214,827.0,785.0,42.0,557,PASS
PRJNA1037681,Australia,AU,SRR26780119,AU-S14,AU linked iSNV validation set,C4+C6,2022/7/2,2022-07,A.D.3.1,5520,290,A,T,called_target_alt,T,0.067797,0.067797,6.7797,93.2203,6.7797,93.2203,767.0,715.0,52.0,953,PASS
PRJNA1037681,Australia,AU,SRR26780119,AU-S14,AU linked iSNV validation set,C4+C6,2022/7/2,2022-07,A.D.3.1,5544,298,C,T,called_target_alt,T,0.923621,0.923621,92.3621,7.6378999999999975,92.3621,7.6378999999999975,707.0,54.0,653.0,23481,PASS
PRJNA1037681,Australia,AU,SRR26780119,AU-S14,AU linked iSNV validation set,C4+C6,2022/7/2,2022-07,A.D.3.1,5558,303,G,A,called_target_alt,A,0.949176,0.949176,94.91760000000001,5.082399999999998,94.91760000000001,5.082399999999998,728.0,37.0,691.0,25127,PASS
PRJNA1037681,Australia,AU,SRR26780119,AU-S14,AU linked iSNV validation set,C4+C6,2022/7/2,2022-07,A.D.3.1,5563,304,T,C,called_target_alt,C,0.041322,0.041322,4.1322,95.8678,4.1322,95.8678,726.0,694.0,30.0,554,PASS
PRJNA1037681,Australia,AU,SRR26780205,AU-S19,AU linked iSNV validation set,C4+C6,2022/7/26,2022-07,A.D.3.1,5510,287,G,A,called_target_alt,A,0.035608,0.035608,3.5608,96.4392,3.5608,96.4392,337.0,325.0,12.0,198,PASS
PRJNA1037681,Australia,AU,SRR26780205,AU-S19,AU linked iSNV validation set,C4+C6,2022/7/26,2022-07,A.D.3.1,5520,290,A,T,called_target_alt,T,0.055728,0.055728,5.5728,94.4272,5.5728,94.4272,323.0,305.0,18.0,369,PASS
PRJNA1037681,Australia,AU,SRR26780205,AU-S19,AU linked iSNV validation set,C4+C6,2022/7/26,2022-07,A.D.3.1,5544,298,C,T,called_target_alt,T,0.929936,0.929936,92.9936,7.006400000000001,92.9936,7.006400000000001,314.0,22.0,292.0,10412,PASS
PRJNA1037681,Australia,AU,SRR26780205,AU-S19,AU linked iSNV validation set,C4+C6,2022/7/26,2022-07,A.D.3.1,5558,303,G,A,called_target_alt,A,0.946903,0.946903,94.69030000000001,5.309699999999995,94.69030000000001,5.309699999999995,339.0,14.0,321.0,11780,PASS
PRJNA1037681,Australia,AU,SRR26780205,AU-S19,AU linked iSNV validation set,C4+C6,2022/7/26,2022-07,A.D.3.1,5563,304,T,C,called_target_alt,C,0.039886,0.039886,3.9886,96.01140000000001,3.9886,96.01140000000001,351.0,335.0,14.0,263,PASS
PRJNA1037681,Australia,AU,SRR26780206,AU-S20,AU linked iSNV validation set,C4+C6,2022/7/29,2022-07,A.D.3.1,5510,287,G,A,called_target_alt,A,0.045746,0.045746,4.5746,95.42540000000001,4.5746,95.42540000000001,2186.0,2086.0,100.0,1307,PASS
PRJNA1037681,Australia,AU,SRR26780206,AU-S20,AU linked iSNV validation set,C4+C6,2022/7/29,2022-07,A.D.3.1,5520,290,A,T,called_target_alt,T,0.060823,0.060823,6.0823,93.91770000000001,6.0823,93.91770000000001,2236.0,2089.0,136.0,2398,PASS
PRJNA1037681,Australia,AU,SRR26780206,AU-S20,AU linked iSNV validation set,C4+C6,2022/7/29,2022-07,A.D.3.1,5544,298,C,T,called_target_alt,T,0.929565,0.929565,92.95649999999999,7.0435000000000025,92.95649999999999,7.0435000000000025,2300.0,156.0,2138.0,49314,PASS
PRJNA1037681,Australia,AU,SRR26780206,AU-S20,AU linked iSNV validation set,C4+C6,2022/7/29,2022-07,A.D.3.1,5558,303,G,A,called_target_alt,A,0.955183,0.955183,95.5183,4.4817,95.5183,4.4817,2566.0,115.0,2451.0,49314,PASS
PRJNA1037681,Australia,AU,SRR26780206,AU-S20,AU linked iSNV validation set,C4+C6,2022/7/29,2022-07,A.D.3.1,5563,304,T,C,called_target_alt,C,0.040015,0.040015,4.0015,95.99849999999999,4.0015,95.99849999999999,2649.0,2543.0,106.0,1881,PASS
PRJNA1037681,Australia,AU,SRR26780048,AU-S15,AU linked iSNV validation set,C4+C6,2022/7/8,2022-07,A.D.3.1,5510,287,G,A,called_target_alt,A,0.052083,0.052083,5.2082999999999995,94.7917,5.2082999999999995,94.7917,192.0,182.0,10.0,182,PASS
PRJNA1037681,Australia,AU,SRR26780048,AU-S15,AU linked iSNV validation set,C4+C6,2022/7/8,2022-07,A.D.3.1,5520,290,A,T,called_target_alt,T,0.075269,0.075269,7.5269,92.4731,7.5269,92.4731,186.0,172.0,14.0,296,PASS
PRJNA1037681,Australia,AU,SRR26780048,AU-S15,AU linked iSNV validation set,C4+C6,2022/7/8,2022-07,A.D.3.1,5544,298,C,T,called_target_alt,T,0.895349,0.895349,89.5349,10.465100000000005,89.5349,10.465100000000005,172.0,18.0,154.0,5606,PASS
PRJNA1037681,Australia,AU,SRR26780048,AU-S15,AU linked iSNV validation set,C4+C6,2022/7/8,2022-07,A.D.3.1,5558,303,G,A,called_target_alt,A,0.908046,0.908046,90.80460000000001,9.195399999999998,90.80460000000001,9.195399999999998,174.0,16.0,158.0,5486,PASS
PRJNA1037681,Australia,AU,SRR26780048,AU-S15,AU linked iSNV validation set,C4+C6,2022/7/8,2022-07,A.D.3.1,5563,304,T,C,called_target_alt,C,0.067416,0.067416,6.7416,93.2584,6.7416,93.2584,178.0,166.0,12.0,260,PASS
PRJNA1037681,Australia,AU,SRR26780112,AU-S21,AU linked iSNV validation set,C4+C6,2022/8/3,2022-08,A.D.3.1,5510,287,G,A,called_target_alt,A,0.068136,0.068136,6.8136,93.1864,6.8136,93.1864,499.0,465.0,34.0,499,PASS
PRJNA1037681,Australia,AU,SRR26780112,AU-S21,AU linked iSNV validation set,C4+C6,2022/8/3,2022-08,A.D.3.1,5520,290,A,T,called_target_alt,T,0.08554,0.08554,8.554,91.446,8.554,91.446,491.0,449.0,42.0,831,PASS
PRJNA1037681,Australia,AU,SRR26780112,AU-S21,AU linked iSNV validation set,C4+C6,2022/8/3,2022-08,A.D.3.1,5544,298,C,T,called_target_alt,T,0.882353,0.882353,88.23530000000001,11.764699999999994,88.23530000000001,11.764699999999994,442.0,50.0,390.0,13595,PASS
PRJNA1037681,Australia,AU,SRR26780112,AU-S21,AU linked iSNV validation set,C4+C6,2022/8/3,2022-08,A.D.3.1,5558,303,G,A,called_target_alt,A,0.91342,0.91342,91.342,8.658,91.342,8.658,462.0,38.0,422.0,15044,PASS
PRJNA1037681,Australia,AU,SRR26780112,AU-S21,AU linked iSNV validation set,C4+C6,2022/8/3,2022-08,A.D.3.1,5563,304,T,C,called_target_alt,C,0.073593,0.073593,7.3593,92.6407,7.3593,92.6407,462.0,424.0,34.0,658,PASS
PRJNA1037681,Australia,AU,SRR26780031,AU-S22,AU linked iSNV validation set,C4+C6,2022/8/5,2022-08,A.D.3.1,5510,287,G,A,called_target_alt,A,0.035842,0.035842,3.5842,96.41579999999999,3.5842,96.41579999999999,279.0,269.0,10.0,128,PASS
PRJNA1037681,Australia,AU,SRR26780031,AU-S22,AU linked iSNV validation set,C4+C6,2022/8/5,2022-08,A.D.3.1,5520,290,A,T,called_target_alt,T,0.060377,0.060377,6.0377,93.9623,6.0377,93.9623,265.0,249.0,16.0,301,PASS
PRJNA1037681,Australia,AU,SRR26780031,AU-S22,AU linked iSNV validation set,C4+C6,2022/8/5,2022-08,A.D.3.1,5544,298,C,T,called_target_alt,T,0.940959,0.940959,94.0959,5.9041000000000015,94.0959,5.9041000000000015,271.0,16.0,255.0,9231,PASS
PRJNA1037681,Australia,AU,SRR26780031,AU-S22,AU linked iSNV validation set,C4+C6,2022/8/5,2022-08,A.D.3.1,5558,303,G,A,called_target_alt,A,0.963636,0.963636,96.3636,3.636399999999995,96.3636,3.636399999999995,275.0,10.0,265.0,9534,PASS
PRJNA1037681,Australia,AU,SRR26780031,AU-S22,AU linked iSNV validation set,C4+C6,2022/8/5,2022-08,A.D.3.1,5563,304,T,C,called_target_alt,C,0.042403,0.042403,4.2403,95.75970000000001,4.2403,95.75970000000001,283.0,271.0,12.0,197,PASS
PRJNA1037681,Australia,AU,SRR26780237,AU-S23,AU linked iSNV validation set,C4+C6,2022/8/7,2022-08,A.D.3.1,5510,287,G,A,called_target_alt,A,0.062595,0.062595,6.2595,93.7405,6.2595,93.7405,2620.0,2456.0,164.0,2390,PASS
PRJNA1037681,Australia,AU,SRR26780237,AU-S23,AU linked iSNV validation set,C4+C6,2022/8/7,2022-08,A.D.3.1,5520,290,A,T,called_target_alt,T,0.075509,0.075509,7.5509,92.4491,7.5509,92.4491,2556.0,2363.0,193.0,3443,PASS
PRJNA1037681,Australia,AU,SRR26780237,AU-S23,AU linked iSNV validation set,C4+C6,2022/8/7,2022-08,A.D.3.1,5544,298,C,T,called_target_alt,T,0.924419,0.924419,92.4419,7.558100000000001,92.4419,7.558100000000001,2408.0,180.0,2226.0,49314,PASS
PRJNA1037681,Australia,AU,SRR26780237,AU-S23,AU linked iSNV validation set,C4+C6,2022/8/7,2022-08,A.D.3.1,5558,303,G,A,called_target_alt,A,0.939529,0.939529,93.9529,6.047100000000006,93.9529,6.047100000000006,2464.0,146.0,2315.0,49314,PASS
PRJNA1037681,Australia,AU,SRR26780237,AU-S23,AU linked iSNV validation set,C4+C6,2022/8/7,2022-08,A.D.3.1,5563,304,T,C,called_target_alt,C,0.052395,0.052395,5.2395,94.76050000000001,5.2395,94.76050000000001,2443.0,2315.0,128.0,2166,PASS
PRJNA1130896,United States,US,SRR29679874,US-S01,US linked iSNV validation set,C18+C21,2023/10/13,2023-10,A.D.1.5,5531,294,T,C,called_target_alt,C,0.847015,0.847015,84.7015,15.298500000000004,84.7015,15.298500000000004,1072.0,163.0,908.0,25922,PASS
PRJNA1130896,United States,US,SRR29679874,US-S01,US linked iSNV validation set,C18+C21,2023/10/13,2023-10,A.D.1.5,5561,304,T,C,called_target_alt,C,0.808344,0.808344,80.83439999999999,19.165600000000005,80.83439999999999,19.165600000000005,767.0,146.0,620.0,18240,PASS
PRJNA1130896,United States,US,SRR29679814,US-S02,US linked iSNV validation set,C18+C21,2023/10/22,2023-10,A.D.1.5,5531,294,T,C,called_target_alt,C,0.75516,0.75516,75.516,24.483999999999995,75.516,24.483999999999995,5620.0,1363.0,4244.0,49314,PASS
PRJNA1130896,United States,US,SRR29679814,US-S02,US linked iSNV validation set,C18+C21,2023/10/22,2023-10,A.D.1.5,5561,304,T,C,called_target_alt,C,0.697757,0.697757,69.7757,30.224300000000003,69.7757,30.224300000000003,4503.0,1351.0,3142.0,49314,PASS
PRJNA1130896,United States,US,SRR29679723,US-S06,US linked iSNV validation set,C18+C21,2023/11/10,2023-11,A.D.1.5,5531,294,T,C,called_target_alt,C,0.892344,0.892344,89.23440000000001,10.765599999999997,89.23440000000001,10.765599999999997,7524.0,793.0,6714.0,49314,PASS
PRJNA1130896,United States,US,SRR29679723,US-S06,US linked iSNV validation set,C18+C21,2023/11/10,2023-11,A.D.1.5,5561,304,T,C,called_target_alt,C,0.889141,0.889141,88.91409999999999,11.085900000000004,88.91409999999999,11.085900000000004,7045.0,763.0,6264.0,49314,PASS
PRJNA1130896,United States,US,SRR29679837,US-S07,US linked iSNV validation set,C18+C21,2023/11/17,2023-11,A.D.1.5,5531,294,T,C,called_target_alt,C,0.869163,0.869163,86.9163,13.083699999999999,86.9163,13.083699999999999,4861.0,623.0,4225.0,49314,PASS
PRJNA1130896,United States,US,SRR29679837,US-S07,US linked iSNV validation set,C18+C21,2023/11/17,2023-11,A.D.1.5,5561,304,T,C,called_target_alt,C,0.85313,0.85313,85.313,14.686999999999994,85.313,14.686999999999994,4201.0,607.0,3584.0,49314,PASS
PRJNA1130896,United States,US,SRR29679854,US-S08,US linked iSNV validation set,C18+C21,2023/11/18,2023-11,A.D.1.5,5531,294,T,C,called_target_alt,C,0.809169,0.809169,80.9169,19.083099999999998,80.9169,19.083099999999998,2552.0,477.0,2065.0,49314,PASS
PRJNA1130896,United States,US,SRR29679854,US-S08,US linked iSNV validation set,C18+C21,2023/11/18,2023-11,A.D.1.5,5561,304,T,C,called_target_alt,C,0.78989,0.78989,78.989,21.011000000000003,78.989,21.011000000000003,2275.0,474.0,1797.0,49314,PASS
PRJNA1130896,United States,US,SRR29679842,US-S09,US linked iSNV validation set,C18+C21,2023/11/19,2023-11,A.D.1.5,5531,294,T,C,called_target_alt,C,0.871648,0.871648,87.1648,12.835200000000002,87.1648,12.835200000000002,522.0,65.0,455.0,12894,PASS
PRJNA1130896,United States,US,SRR29679842,US-S09,US linked iSNV validation set,C18+C21,2023/11/19,2023-11,A.D.1.5,5561,304,T,C,called_target_alt,C,0.861298,0.861298,86.1298,13.870199999999999,86.1298,13.870199999999999,447.0,61.0,385.0,11456,PASS
PRJNA1130896,United States,US,SRR29679864,US-S10,US linked iSNV validation set,C18+C21,2023/11/19,2023-11,A.D.1.5,5531,294,T,C,called_target_alt,C,0.877667,0.877667,87.7667,12.233300000000003,87.7667,12.233300000000003,703.0,85.0,617.0,17801,PASS
PRJNA1130896,United States,US,SRR29679864,US-S10,US linked iSNV validation set,C18+C21,2023/11/19,2023-11,A.D.1.5,5561,304,T,C,called_target_alt,C,0.894495,0.894495,89.4495,10.550499999999996,89.4495,10.550499999999996,654.0,67.0,585.0,17999,PASS
PRJNA1130896,United States,US,SRR29679851,US-S11,US linked iSNV validation set,C18+C21,2023/11/21,2023-11,A.D.1.5,5531,294,T,C,called_target_alt,C,0.915636,0.915636,91.5636,8.436399999999999,91.5636,8.436399999999999,8570.0,702.0,7847.0,49314,PASS
PRJNA1130896,United States,US,SRR29679851,US-S11,US linked iSNV validation set,C18+C21,2023/11/21,2023-11,A.D.1.5,5561,304,T,C,called_target_alt,C,0.90324,0.90324,90.324,9.675999999999995,90.324,9.675999999999995,6697.0,638.0,6049.0,49314,PASS
PRJNA1130896,United States,US,SRR29679716,US-S12,US linked iSNV validation set,C18+C21,2023/11/23,2023-11,A.D.1.5,5531,294,T,C,called_target_alt,C,0.909524,0.909524,90.9524,9.0476,90.9524,9.0476,1890.0,165.0,1719.0,49314,PASS
PRJNA1130896,United States,US,SRR29679716,US-S12,US linked iSNV validation set,C18+C21,2023/11/23,2023-11,A.D.1.5,5561,304,T,C,called_target_alt,C,0.905388,0.905388,90.5388,9.461200000000003,90.5388,9.461200000000003,1596.0,149.0,1445.0,45212,PASS
PRJNA1130896,United States,US,SRR29679729,US-S03,US linked iSNV validation set,C18+C21,2023/11/3,2023-11,A.D.1.5,5531,294,T,C,called_target_alt,C,0.853991,0.853991,85.39909999999999,14.600900000000006,85.39909999999999,14.600900000000006,5575.0,794.0,4761.0,49314,PASS
PRJNA1130896,United States,US,SRR29679729,US-S03,US linked iSNV validation set,C18+C21,2023/11/3,2023-11,A.D.1.5,5561,304,T,C,called_target_alt,C,0.831461,0.831461,83.1461,16.8539,83.1461,16.8539,4717.0,786.0,3922.0,49314,PASS
PRJNA1130896,United States,US,SRR29679852,US-S13,US linked iSNV validation set,C18+C21,2023/11/30,2023-11,A.D.1.5,5531,294,T,C,called_target_alt,C,0.883208,0.883208,88.3208,11.679200000000002,88.3208,11.679200000000002,4538.0,512.0,4008.0,49314,PASS
PRJNA1130896,United States,US,SRR29679852,US-S13,US linked iSNV validation set,C18+C21,2023/11/30,2023-11,A.D.1.5,5561,304,T,C,called_target_alt,C,0.889637,0.889637,88.9637,11.036299999999999,88.9637,11.036299999999999,4159.0,449.0,3700.0,49314,PASS
PRJNA1130896,United States,US,SRR29679728,US-S04,US linked iSNV validation set,C18+C21,2023/11/4,2023-11,A.D.1.5,5531,294,T,C,called_target_alt,C,0.882196,0.882196,88.2196,11.780400000000002,88.2196,11.780400000000002,3752.0,434.0,3310.0,49314,PASS
PRJNA1130896,United States,US,SRR29679728,US-S04,US linked iSNV validation set,C18+C21,2023/11/4,2023-11,A.D.1.5,5561,304,T,C,called_target_alt,C,0.864992,0.864992,86.4992,13.500800000000002,86.4992,13.500800000000002,3185.0,421.0,2755.0,49314,PASS
PRJNA1130896,United States,US,SRR29679823,US-S05,US linked iSNV validation set,C18+C21,2023/11/7,2023-11,A.D.1.5,5531,294,T,C,called_target_alt,C,0.831135,0.831135,83.1135,16.886500000000005,83.1135,16.886500000000005,6443.0,1077.0,5355.0,49314,PASS
PRJNA1130896,United States,US,SRR29679823,US-S05,US linked iSNV validation set,C18+C21,2023/11/7,2023-11,A.D.1.5,5561,304,T,C,called_target_alt,C,0.795953,0.795953,79.59530000000001,20.4047,79.59530000000001,20.4047,5239.0,1062.0,4170.0,49314,PASS
PRJNA1130896,United States,US,SRR29692875,US-S16,US linked iSNV validation set,C18+C21,2023/12/11,2023-12,A.D.1.5,5531,294,T,C,called_target_alt,C,0.857433,0.857433,85.7433,14.2567,85.7433,14.2567,4931.0,695.0,4228.0,49314,PASS
PRJNA1130896,United States,US,SRR29692875,US-S16,US linked iSNV validation set,C18+C21,2023/12/11,2023-12,A.D.1.5,5561,304,T,C,called_target_alt,C,0.833731,0.833731,83.3731,16.6269,83.3731,16.6269,4186.0,690.0,3490.0,49314,PASS
PRJNA1130896,United States,US,SRR29692998,US-S17,US linked iSNV validation set,C18+C21,2023/12/17,2023-12,A.D.1.5,5531,294,T,C,called_target_alt,C,0.910351,0.910351,91.0351,8.964899999999998,91.0351,8.964899999999998,5555.0,487.0,5057.0,49314,PASS
PRJNA1130896,United States,US,SRR29692998,US-S17,US linked iSNV validation set,C18+C21,2023/12/17,2023-12,A.D.1.5,5561,304,T,C,called_target_alt,C,0.904943,0.904943,90.49430000000001,9.505699999999994,90.49430000000001,9.505699999999994,4997.0,463.0,4522.0,49314,PASS
PRJNA1130896,United States,US,SRR29692831,US-S14,US linked iSNV validation set,C18+C21,2023/12/2,2023-12,A.D.1.5,5531,294,T,C,called_target_alt,C,0.81359,0.81359,81.35900000000001,18.641,81.35900000000001,18.641,1663.0,307.0,1353.0,38079,PASS
PRJNA1130896,United States,US,SRR29692831,US-S14,US linked iSNV validation set,C18+C21,2023/12/2,2023-12,A.D.1.5,5561,304,T,C,called_target_alt,C,0.767386,0.767386,76.7386,23.2614,76.7386,23.2614,1251.0,291.0,960.0,27370,PASS
PRJNA1130896,United States,US,SRR29692933,US-S18,US linked iSNV validation set,C18+C21,2023/12/23,2023-12,A.D.1.5,5531,294,T,C,called_target_alt,C,0.811104,0.811104,81.1104,18.889599999999994,81.1104,18.889599999999994,4791.0,895.0,3886.0,49314,PASS
PRJNA1130896,United States,US,SRR29692933,US-S18,US linked iSNV validation set,C18+C21,2023/12/23,2023-12,A.D.1.5,5561,304,T,C,called_target_alt,C,0.714811,0.714811,71.4811,28.518900000000002,71.4811,28.518900000000002,2991.0,850.0,2138.0,49314,PASS
PRJNA1130896,United States,US,SRR29692818,US-S19,US linked iSNV validation set,C18+C21,2023/12/27,2023-12,A.D.1.5,5531,294,T,C,called_target_alt,C,0.83004,0.83004,83.004,16.996,83.004,16.996,253.0,43.0,210.0,5754,PASS
PRJNA1130896,United States,US,SRR29692818,US-S19,US linked iSNV validation set,C18+C21,2023/12/27,2023-12,A.D.1.5,5561,304,T,C,called_target_alt,C,0.811927,0.811927,81.1927,18.807300000000005,81.1927,18.807300000000005,218.0,41.0,177.0,5171,PASS
PRJNA1130896,United States,US,SRR29692985,US-S20,US linked iSNV validation set,C18+C21,2023/12/27,2023-12,A.D.1.5,5531,294,T,C,called_target_alt,C,0.911927,0.911927,91.1927,8.807299999999996,91.1927,8.807299999999996,7630.0,647.0,6958.0,49314,PASS
PRJNA1130896,United States,US,SRR29692985,US-S20,US linked iSNV validation set,C18+C21,2023/12/27,2023-12,A.D.1.5,5561,304,T,C,called_target_alt,C,0.911309,0.911309,91.1309,8.869099999999996,91.1309,8.869099999999996,7171.0,626.0,6535.0,49314,PASS
PRJNA1130896,United States,US,SRR29692939,US-S21,US linked iSNV validation set,C18+C21,2023/12/28,2023-12,A.D.1.5,5531,294,T,C,called_target_alt,C,0.896945,0.896945,89.6945,10.3055,89.6945,10.3055,3862.0,382.0,3464.0,49314,PASS
PRJNA1130896,United States,US,SRR29692939,US-S21,US linked iSNV validation set,C18+C21,2023/12/28,2023-12,A.D.1.5,5561,304,T,C,called_target_alt,C,0.889738,0.889738,88.9738,11.026199999999998,88.9738,11.026199999999998,3401.0,360.0,3026.0,49314,PASS
PRJNA1130896,United States,US,SRR29679738,US-S15,US linked iSNV validation set,C18+C21,2023/12/5,2023-12,A.D.1.5,5531,294,T,C,called_target_alt,C,0.90661,0.90661,90.661,9.338999999999997,90.661,9.338999999999997,5461.0,495.0,4951.0,49314,PASS
PRJNA1130896,United States,US,SRR29679738,US-S15,US linked iSNV validation set,C18+C21,2023/12/5,2023-12,A.D.1.5,5561,304,T,C,called_target_alt,C,0.896888,0.896888,89.6888,10.311199999999998,89.6888,10.311199999999998,4820.0,475.0,4323.0,49314,PASS
PRJNA1130896,United States,US,SRR29692889,US-S22,US linked iSNV validation set,C18+C21,2024/1/2,2024-01,A.D.1.5,5531,294,T,C,called_target_alt,C,0.835477,0.835477,83.5477,16.452299999999997,83.5477,16.452299999999997,2954.0,479.0,2468.0,49314,PASS
PRJNA1130896,United States,US,SRR29692889,US-S22,US linked iSNV validation set,C18+C21,2024/1/2,2024-01,A.D.1.5,5561,304,T,C,called_target_alt,C,0.795309,0.795309,79.5309,20.469099999999997,79.5309,20.469099999999997,2345.0,478.0,1865.0,49314,PASS
PRJNA1130896,United States,US,SRR29692974,US-S23,US linked iSNV validation set,C18+C21,2024/1/2,2024-01,A.D.1.5,5531,294,T,C,called_target_alt,C,0.851485,0.851485,85.1485,14.851499999999994,85.1485,14.851499999999994,808.0,119.0,688.0,19407,PASS
PRJNA1130896,United States,US,SRR29692974,US-S23,US linked iSNV validation set,C18+C21,2024/1/2,2024-01,A.D.1.5,5561,304,T,C,called_target_alt,C,0.834502,0.834502,83.4502,16.549800000000005,83.4502,16.549800000000005,713.0,118.0,595.0,17689,PASS
PRJNA1130896,United States,US,SRR29692854,US-S24,US linked iSNV validation set,C18+C21,2024/2/3,2024-02,A.D.1.5,5531,294,T,C,called_target_alt,C,0.895865,0.895865,89.5865,10.413499999999997,89.5865,10.413499999999997,653.0,66.0,585.0,17628,PASS
PRJNA1130896,United States,US,SRR29692854,US-S24,US linked iSNV validation set,C18+C21,2024/2/3,2024-02,A.D.1.5,5561,304,T,C,called_target_alt,C,0.873181,0.873181,87.3181,12.681900000000002,87.3181,12.681900000000002,481.0,61.0,420.0,13028,PASS
PRJNA1130896,United States,US,SRR29692857,US-S25,US linked iSNV validation set,C18+C21,2024/2/5,2024-02,A.D.1.5,5531,294,T,C,called_target_alt,C,0.899225,0.899225,89.9225,10.077499999999995,89.9225,10.077499999999995,2451.0,245.0,2204.0,49314,PASS
PRJNA1130896,United States,US,SRR29692857,US-S25,US linked iSNV validation set,C18+C21,2024/2/5,2024-02,A.D.1.5,5561,304,T,C,called_target_alt,C,0.848466,0.848466,84.84660000000001,15.153399999999994,84.84660000000001,15.153399999999994,1597.0,237.0,1355.0,41080,PASS
PRJNA1130896,United States,US,SRR29693058,US-S26,US linked iSNV validation set,C18+C21,2024/4/24,2024-04,A.D.1.5,5531,294,T,C,called_target_alt,C,0.743728,0.743728,74.3728,25.627200000000006,74.3728,25.627200000000006,558.0,142.0,415.0,10783,PASS
PRJNA1130896,United States,US,SRR29693058,US-S26,US linked iSNV validation set,C18+C21,2024/4/24,2024-04,A.D.1.5,5561,304,T,C,called_target_alt,C,0.75089,0.75089,75.089,24.911000000000005,75.089,24.911000000000005,562.0,139.0,422.0,11781,PASS
