dataset,project,SampleID,SequenceName,hap_id,Frequency,branch,expected_barcode,expected_site_combo,threshold_nt,threshold_subs_per_site,min_any_global_distance_nt,min_same_barcode_global_distance_nt,global_records_within_threshold_any_barcode,global_records_within_threshold_same_barcode,has_any_global_within_threshold,has_same_barcode_global_within_threshold
Australia,PRJNA1037681,SRR26779971,PRJNA1037681_SRR26779971_H1_freq0.7244699254025825,H1,0.7244699254025825,C4,AU_C4_like,G-A-T-A-T,5,0.005175983436853002,1.0,1.0,342,312,True,True
Australia,PRJNA1037681,SRR26779974,PRJNA1037681_SRR26779974_H1_freq0.7140218961845151,H1,0.7140218961845151,C4,AU_C4_like,G-A-T-A-T,5,0.005175983436853002,2.0,2.0,320,296,True,True
Australia,PRJNA1037681,SRR26779980,PRJNA1037681_SRR26779980_H1_freq0.8081702482091332,H1,0.8081702482091332,C4,AU_C4_like,G-A-T-A-T,5,0.005175983436853002,0.0,0.0,355,316,True,True
Australia,PRJNA1037681,SRR26779981,PRJNA1037681_SRR26779981_H1_freq0.7289970914233345,H1,0.7289970914233345,C4,AU_C4_like,G-A-T-A-T,5,0.005175983436853002,0.0,0.0,355,316,True,True
Australia,PRJNA1037681,SRR26779985,PRJNA1037681_SRR26779985_H1_freq0.7421956932422757,H1,0.7421956932422757,C4,AU_C4_like,G-A-T-A-T,5,0.005175983436853002,0.0,0.0,355,316,True,True
Australia,PRJNA1037681,SRR26779994,PRJNA1037681_SRR26779994_H1_freq0.7435829657337988,H1,0.7435829657337988,C4,AU_C4_like,G-A-T-A-T,5,0.005175983436853002,0.0,0.0,355,316,True,True
Australia,PRJNA1037681,SRR26780031,PRJNA1037681_SRR26780031_H1_freq0.6314167403432303,H1,0.6314167403432303,C4,AU_C4_like,G-A-T-A-T,5,0.005175983436853002,0.0,0.0,355,316,True,True
Australia,PRJNA1037681,SRR26780034,PRJNA1037681_SRR26780034_H1_freq0.7191127622041915,H1,0.7191127622041915,C4,AU_C4_like,G-A-T-A-T,5,0.005175983436853002,0.0,0.0,355,316,True,True
Australia,PRJNA1037681,SRR26780048,PRJNA1037681_SRR26780048_H1_freq0.5414835821019822,H1,0.5414835821019822,C4,AU_C4_like,G-A-T-A-T,5,0.005175983436853002,1.0,1.0,342,312,True,True
Australia,PRJNA1037681,SRR26780067,PRJNA1037681_SRR26780067_H1_freq0.5004746646779893,H1,0.5004746646779893,C4,AU_C4_like,G-A-T-A-T,5,0.005175983436853002,0.0,0.0,355,316,True,True
Australia,PRJNA1037681,SRR26780112,PRJNA1037681_SRR26780112_H1_freq0.5878352510678483,H1,0.5878352510678483,C4,AU_C4_like,G-A-T-A-T,5,0.005175983436853002,0.0,0.0,355,316,True,True
Australia,PRJNA1037681,SRR26780119,PRJNA1037681_SRR26780119_H1_freq0.7895157527822605,H1,0.7895157527822605,C4,AU_C4_like,G-A-T-A-T,5,0.005175983436853002,0.0,0.0,355,316,True,True
Australia,PRJNA1037681,SRR26780123,PRJNA1037681_SRR26780123_H1_freq0.8014507293795241,H1,0.8014507293795241,C4,AU_C4_like,G-A-T-A-T,5,0.005175983436853002,0.0,0.0,355,316,True,True
Australia,PRJNA1037681,SRR26780126,PRJNA1037681_SRR26780126_H1_freq0.6474913086872748,H1,0.6474913086872748,C4,AU_C4_like,G-A-T-A-T,5,0.005175983436853002,1.0,1.0,342,312,True,True
Australia,PRJNA1037681,SRR26780127,PRJNA1037681_SRR26780127_H1_freq0.6865493083437368,H1,0.6865493083437368,C4,AU_C4_like,G-A-T-A-T,5,0.005175983436853002,0.0,0.0,355,316,True,True
Australia,PRJNA1037681,SRR26780146,PRJNA1037681_SRR26780146_H1_freq0.6778673526702345,H1,0.6778673526702345,C4,AU_C4_like,G-A-T-A-T,5,0.005175983436853002,0.0,0.0,355,316,True,True
Australia,PRJNA1037681,SRR26780187,PRJNA1037681_SRR26780187_H1_freq0.7130290484420749,H1,0.7130290484420749,C4,AU_C4_like,G-A-T-A-T,5,0.005175983436853002,0.0,0.0,355,316,True,True
Australia,PRJNA1037681,SRR26780205,PRJNA1037681_SRR26780205_H1_freq0.7336107991455065,H1,0.7336107991455065,C4,AU_C4_like,G-A-T-A-T,5,0.005175983436853002,2.0,2.0,320,296,True,True
Australia,PRJNA1037681,SRR26780206,PRJNA1037681_SRR26780206_H1_freq0.6946174803270257,H1,0.6946174803270257,C4,AU_C4_like,G-A-T-A-T,5,0.005175983436853002,0.0,0.0,355,316,True,True
Australia,PRJNA1037681,SRR26780211,PRJNA1037681_SRR26780211_H1_freq0.7587321927000045,H1,0.7587321927000045,C4,AU_C4_like,G-A-T-A-T,5,0.005175983436853002,0.0,0.0,355,316,True,True
Australia,PRJNA1037681,SRR26780216,PRJNA1037681_SRR26780216_H1_freq0.7430072339107074,H1,0.7430072339107074,C4,AU_C4_like,G-A-T-A-T,5,0.005175983436853002,1.0,1.0,342,312,True,True
Australia,PRJNA1037681,SRR26780219,PRJNA1037681_SRR26780219_H1_freq0.8391451285185958,H1,0.8391451285185958,C4,AU_C4_like,G-A-T-A-T,5,0.005175983436853002,0.0,0.0,355,316,True,True
Australia,PRJNA1037681,SRR26780237,PRJNA1037681_SRR26780237_H1_freq0.7179327107350938,H1,0.7179327107350938,C4,AU_C4_like,G-A-T-A-T,5,0.005175983436853002,0.0,0.0,355,316,True,True
Australia,PRJNA1037681,SRR26779971,PRJNA1037681_SRR26779971_H2_freq0.2755300745974175,H2,0.2755300745974175,C6,AU_C6_like,A-T-C-G-C,5,0.005175983436853002,6.0,,0,0,False,False
Australia,PRJNA1037681,SRR26779974,PRJNA1037681_SRR26779974_H2_freq0.28597810381548494,H2,0.28597810381548494,C6,AU_C6_like,A-T-C-G-C,5,0.005175983436853002,8.0,,0,0,False,False
Australia,PRJNA1037681,SRR26779980,PRJNA1037681_SRR26779980_H2_freq0.19182975179086675,H2,0.19182975179086675,C6,AU_C6_like,A-T-C-G-C,5,0.005175983436853002,5.0,,75,0,True,False
Australia,PRJNA1037681,SRR26779981,PRJNA1037681_SRR26779981_H2_freq0.2710029085766656,H2,0.2710029085766656,C6,AU_C6_like,A-T-C-G-C,5,0.005175983436853002,5.0,,75,0,True,False
Australia,PRJNA1037681,SRR26779985,PRJNA1037681_SRR26779985_H2_freq0.2578043067577243,H2,0.2578043067577243,C6,AU_C6_like,A-T-C-G-C,5,0.005175983436853002,5.0,,75,0,True,False
Australia,PRJNA1037681,SRR26779994,PRJNA1037681_SRR26779994_H2_freq0.2564170342662013,H2,0.2564170342662013,C6,AU_C6_like,A-T-C-G-C,5,0.005175983436853002,5.0,,75,0,True,False
Australia,PRJNA1037681,SRR26780031,PRJNA1037681_SRR26780031_H2_freq0.36858325965676964,H2,0.36858325965676964,C6,AU_C6_like,A-T-C-G-C,5,0.005175983436853002,5.0,,75,0,True,False
Australia,PRJNA1037681,SRR26780034,PRJNA1037681_SRR26780034_H2_freq0.2808872377958085,H2,0.2808872377958085,C6,AU_C6_like,A-T-C-G-C,5,0.005175983436853002,5.0,,75,0,True,False
Australia,PRJNA1037681,SRR26780048,PRJNA1037681_SRR26780048_H2_freq0.4585164178980177,H2,0.4585164178980177,C6,AU_C6_like,A-T-C-G-C,5,0.005175983436853002,6.0,,0,0,False,False
Australia,PRJNA1037681,SRR26780067,PRJNA1037681_SRR26780067_H2_freq0.49952533532201066,H2,0.49952533532201066,C6,AU_C6_like,A-T-C-G-C,5,0.005175983436853002,5.0,,75,0,True,False
Australia,PRJNA1037681,SRR26780112,PRJNA1037681_SRR26780112_H2_freq0.4121647489321518,H2,0.4121647489321518,C6,AU_C6_like,A-T-C-G-C,5,0.005175983436853002,6.0,,0,0,False,False
Australia,PRJNA1037681,SRR26780119,PRJNA1037681_SRR26780119_H2_freq0.21048424721773948,H2,0.21048424721773948,C6,AU_C6_like,A-T-C-G-C,5,0.005175983436853002,5.0,,75,0,True,False
Australia,PRJNA1037681,SRR26780123,PRJNA1037681_SRR26780123_H2_freq0.1985492706204759,H2,0.1985492706204759,C6,AU_C6_like,A-T-C-G-C,5,0.005175983436853002,5.0,,75,0,True,False
Australia,PRJNA1037681,SRR26780126,PRJNA1037681_SRR26780126_H2_freq0.35250869131272533,H2,0.35250869131272533,C6,AU_C6_like,A-T-C-G-C,5,0.005175983436853002,6.0,,0,0,False,False
Australia,PRJNA1037681,SRR26780127,PRJNA1037681_SRR26780127_H2_freq0.31345069165626327,H2,0.31345069165626327,C6,AU_C6_like,A-T-C-G-C,5,0.005175983436853002,5.0,,75,0,True,False
Australia,PRJNA1037681,SRR26780146,PRJNA1037681_SRR26780146_H2_freq0.32213264732976554,H2,0.32213264732976554,C6,AU_C6_like,A-T-C-G-C,5,0.005175983436853002,5.0,,75,0,True,False
Australia,PRJNA1037681,SRR26780187,PRJNA1037681_SRR26780187_H2_freq0.2869709515579251,H2,0.2869709515579251,C6,AU_C6_like,A-T-C-G-C,5,0.005175983436853002,6.0,,0,0,False,False
Australia,PRJNA1037681,SRR26780205,PRJNA1037681_SRR26780205_H2_freq0.2663892008544935,H2,0.2663892008544935,C6,AU_C6_like,A-T-C-G-C,5,0.005175983436853002,8.0,,0,0,False,False
Australia,PRJNA1037681,SRR26780206,PRJNA1037681_SRR26780206_H2_freq0.30538251967297425,H2,0.30538251967297425,C6,AU_C6_like,A-T-C-G-C,5,0.005175983436853002,5.0,,75,0,True,False
Australia,PRJNA1037681,SRR26780211,PRJNA1037681_SRR26780211_H2_freq0.2412678072999955,H2,0.2412678072999955,C6,AU_C6_like,A-T-C-G-C,5,0.005175983436853002,3.0,,274,0,True,False
Australia,PRJNA1037681,SRR26780216,PRJNA1037681_SRR26780216_H2_freq0.2569927660892926,H2,0.2569927660892926,C6,AU_C6_like,A-T-C-G-C,5,0.005175983436853002,6.0,,0,0,False,False
Australia,PRJNA1037681,SRR26780219,PRJNA1037681_SRR26780219_H2_freq0.1608548714814041,H2,0.1608548714814041,C6,AU_C6_like,A-T-C-G-C,5,0.005175983436853002,6.0,,0,0,False,False
Australia,PRJNA1037681,SRR26780237,PRJNA1037681_SRR26780237_H2_freq0.2820672892649062,H2,0.2820672892649062,C6,AU_C6_like,A-T-C-G-C,5,0.005175983436853002,6.0,,0,0,False,False
United States,PRJNA1130896,SRR29679716,PRJNA1130896_SRR29679716_H2_freq0.25430314988503316,H2,0.25430314988503316,C18,US_C18_like,T-T,5,0.005175983436853002,3.0,12.0,162,0,True,False
United States,PRJNA1130896,SRR29679723,PRJNA1130896_SRR29679723_H2_freq0.24868770184554714,H2,0.24868770184554714,C18,US_C18_like,T-T,5,0.005175983436853002,2.0,11.0,261,0,True,False
United States,PRJNA1130896,SRR29679728,PRJNA1130896_SRR29679728_H2_freq0.24755799386801214,H2,0.24755799386801214,C18,US_C18_like,T-T,5,0.005175983436853002,3.0,12.0,162,0,True,False
United States,PRJNA1130896,SRR29679729,PRJNA1130896_SRR29679729_H2_freq0.3137706882550839,H2,0.3137706882550839,C18,US_C18_like,T-T,5,0.005175983436853002,2.0,12.0,165,0,True,False
United States,PRJNA1130896,SRR29679738,PRJNA1130896_SRR29679738_H2_freq0.24395874715635568,H2,0.24395874715635568,C18,US_C18_like,T-T,5,0.005175983436853002,2.0,11.0,261,0,True,False
United States,PRJNA1130896,SRR29679814,PRJNA1130896_SRR29679814_H2_freq0.34877461308568963,H2,0.34877461308568963,C18,US_C18_like,T-T,5,0.005175983436853002,2.0,12.0,165,0,True,False
United States,PRJNA1130896,SRR29679823,PRJNA1130896_SRR29679823_H2_freq0.2566751588058488,H2,0.2566751588058488,C18,US_C18_like,T-T,5,0.005175983436853002,2.0,12.0,165,0,True,False
United States,PRJNA1130896,SRR29679837,PRJNA1130896_SRR29679837_H2_freq0.25243115905326724,H2,0.25243115905326724,C18,US_C18_like,T-T,5,0.005175983436853002,2.0,11.0,261,0,True,False
United States,PRJNA1130896,SRR29679842,PRJNA1130896_SRR29679842_H2_freq0.20327015616515776,H2,0.20327015616515776,C18,US_C18_like,T-T,5,0.005175983436853002,3.0,12.0,162,0,True,False
United States,PRJNA1130896,SRR29679851,PRJNA1130896_SRR29679851_H2_freq0.2595824453632764,H2,0.2595824453632764,C18,US_C18_like,T-T,5,0.005175983436853002,2.0,11.0,261,0,True,False
United States,PRJNA1130896,SRR29679852,PRJNA1130896_SRR29679852_H2_freq0.2771542826458662,H2,0.2771542826458662,C18,US_C18_like,T-T,5,0.005175983436853002,2.0,11.0,261,0,True,False
United States,PRJNA1130896,SRR29679854,PRJNA1130896_SRR29679854_H2_freq0.3070503523749552,H2,0.3070503523749552,C18,US_C18_like,T-T,5,0.005175983436853002,2.0,12.0,165,0,True,False
United States,PRJNA1130896,SRR29679864,PRJNA1130896_SRR29679864_H2_freq0.2568436189062811,H2,0.2568436189062811,C18,US_C18_like,T-T,5,0.005175983436853002,3.0,12.0,162,0,True,False
United States,PRJNA1130896,SRR29679874,PRJNA1130896_SRR29679874_H2_freq0.29373926046973664,H2,0.29373926046973664,C18,US_C18_like,T-T,5,0.005175983436853002,2.0,12.0,165,0,True,False
United States,PRJNA1130896,SRR29692818,PRJNA1130896_SRR29692818_H2_freq0.3932206255877718,H2,0.3932206255877718,C18,US_C18_like,T-T,5,0.005175983436853002,2.0,12.0,165,0,True,False
United States,PRJNA1130896,SRR29692831,PRJNA1130896_SRR29692831_H2_freq0.3901149543513222,H2,0.3901149543513222,C18,US_C18_like,T-T,5,0.005175983436853002,2.0,12.0,165,0,True,False
United States,PRJNA1130896,SRR29692854,PRJNA1130896_SRR29692854_H2_freq0.2034334889410583,H2,0.2034334889410583,C18,US_C18_like,T-T,5,0.005175983436853002,4.0,13.0,105,0,True,False
United States,PRJNA1130896,SRR29692857,PRJNA1130896_SRR29692857_H2_freq0.2006017690960808,H2,0.2006017690960808,C18,US_C18_like,T-T,5,0.005175983436853002,2.0,11.0,261,0,True,False
United States,PRJNA1130896,SRR29692875,PRJNA1130896_SRR29692875_H2_freq0.26392637331362406,H2,0.26392637331362406,C18,US_C18_like,T-T,5,0.005175983436853002,4.0,14.0,50,0,True,False
United States,PRJNA1130896,SRR29692889,PRJNA1130896_SRR29692889_H2_freq0.2325084752885921,H2,0.2325084752885921,C18,US_C18_like,T-T,5,0.005175983436853002,2.0,12.0,165,0,True,False
United States,PRJNA1130896,SRR29692933,PRJNA1130896_SRR29692933_H2_freq0.29802938797281625,H2,0.29802938797281625,C18,US_C18_like,T-T,5,0.005175983436853002,2.0,12.0,165,0,True,False
United States,PRJNA1130896,SRR29692939,PRJNA1130896_SRR29692939_H2_freq0.23261978535122224,H2,0.23261978535122224,C18,US_C18_like,T-T,5,0.005175983436853002,2.0,11.0,261,0,True,False
United States,PRJNA1130896,SRR29692974,PRJNA1130896_SRR29692974_H2_freq0.26102349587654844,H2,0.26102349587654844,C18,US_C18_like,T-T,5,0.005175983436853002,2.0,12.0,165,0,True,False
United States,PRJNA1130896,SRR29692985,PRJNA1130896_SRR29692985_H2_freq0.19093593725075014,H2,0.19093593725075014,C18,US_C18_like,T-T,5,0.005175983436853002,2.0,11.0,261,0,True,False
United States,PRJNA1130896,SRR29692998,PRJNA1130896_SRR29692998_H2_freq0.17939761984375438,H2,0.17939761984375438,C18,US_C18_like,T-T,5,0.005175983436853002,2.0,11.0,261,0,True,False
United States,PRJNA1130896,SRR29693058,PRJNA1130896_SRR29693058_H2_freq0.4618596794791332,H2,0.4618596794791332,C18,US_C18_like,T-T,5,0.005175983436853002,2.0,11.0,261,0,True,False
United States,PRJNA1130896,SRR29679716,PRJNA1130896_SRR29679716_H1_freq0.7456968501149668,H1,0.7456968501149668,C21,US_C21_like,C-C,5,0.005175983436853002,0.0,0.0,313,238,True,True
United States,PRJNA1130896,SRR29679723,PRJNA1130896_SRR29679723_H1_freq0.7513122981544529,H1,0.7513122981544529,C21,US_C21_like,C-C,5,0.005175983436853002,0.0,0.0,313,238,True,True
United States,PRJNA1130896,SRR29679728,PRJNA1130896_SRR29679728_H1_freq0.7524420061319879,H1,0.7524420061319879,C21,US_C21_like,C-C,5,0.005175983436853002,1.0,1.0,234,209,True,True
United States,PRJNA1130896,SRR29679729,PRJNA1130896_SRR29679729_H1_freq0.6862293117449161,H1,0.6862293117449161,C21,US_C21_like,C-C,5,0.005175983436853002,0.0,0.0,235,210,True,True
United States,PRJNA1130896,SRR29679738,PRJNA1130896_SRR29679738_H1_freq0.7560412528436443,H1,0.7560412528436443,C21,US_C21_like,C-C,5,0.005175983436853002,0.0,0.0,313,238,True,True
United States,PRJNA1130896,SRR29679814,PRJNA1130896_SRR29679814_H1_freq0.6512253869143104,H1,0.6512253869143104,C21,US_C21_like,C-C,5,0.005175983436853002,0.0,0.0,235,210,True,True
United States,PRJNA1130896,SRR29679823,PRJNA1130896_SRR29679823_H1_freq0.7433248411941512,H1,0.7433248411941512,C21,US_C21_like,C-C,5,0.005175983436853002,0.0,0.0,235,210,True,True
United States,PRJNA1130896,SRR29679837,PRJNA1130896_SRR29679837_H1_freq0.7475688409467328,H1,0.7475688409467328,C21,US_C21_like,C-C,5,0.005175983436853002,0.0,0.0,313,238,True,True
United States,PRJNA1130896,SRR29679842,PRJNA1130896_SRR29679842_H1_freq0.7967298438348422,H1,0.7967298438348422,C21,US_C21_like,C-C,5,0.005175983436853002,0.0,0.0,313,238,True,True
United States,PRJNA1130896,SRR29679851,PRJNA1130896_SRR29679851_H1_freq0.7404175546367235,H1,0.7404175546367235,C21,US_C21_like,C-C,5,0.005175983436853002,0.0,0.0,313,238,True,True
United States,PRJNA1130896,SRR29679852,PRJNA1130896_SRR29679852_H1_freq0.694323438141934,H1,0.694323438141934,C21,US_C21_like,C-C,5,0.005175983436853002,0.0,0.0,313,238,True,True
United States,PRJNA1130896,SRR29679854,PRJNA1130896_SRR29679854_H1_freq0.6929496476250449,H1,0.6929496476250449,C21,US_C21_like,C-C,5,0.005175983436853002,0.0,0.0,235,210,True,True
United States,PRJNA1130896,SRR29679864,PRJNA1130896_SRR29679864_H1_freq0.7175939119785557,H1,0.7175939119785557,C21,US_C21_like,C-C,5,0.005175983436853002,0.0,0.0,313,238,True,True
United States,PRJNA1130896,SRR29679874,PRJNA1130896_SRR29679874_H1_freq0.7062607395302634,H1,0.7062607395302634,C21,US_C21_like,C-C,5,0.005175983436853002,0.0,0.0,235,210,True,True
United States,PRJNA1130896,SRR29692818,PRJNA1130896_SRR29692818_H1_freq0.6067793744122282,H1,0.6067793744122282,C21,US_C21_like,C-C,5,0.005175983436853002,0.0,0.0,235,210,True,True
United States,PRJNA1130896,SRR29692831,PRJNA1130896_SRR29692831_H1_freq0.6098850456486777,H1,0.6098850456486777,C21,US_C21_like,C-C,5,0.005175983436853002,0.0,0.0,235,210,True,True
United States,PRJNA1130896,SRR29692854,PRJNA1130896_SRR29692854_H1_freq0.7965665110589417,H1,0.7965665110589417,C21,US_C21_like,C-C,5,0.005175983436853002,1.0,1.0,234,209,True,True
United States,PRJNA1130896,SRR29692857,PRJNA1130896_SRR29692857_H1_freq0.7993982309039193,H1,0.7993982309039193,C21,US_C21_like,C-C,5,0.005175983436853002,1.0,1.0,234,209,True,True
United States,PRJNA1130896,SRR29692875,PRJNA1130896_SRR29692875_H1_freq0.736073626686376,H1,0.736073626686376,C21,US_C21_like,C-C,5,0.005175983436853002,1.0,1.0,194,188,True,True
United States,PRJNA1130896,SRR29692889,PRJNA1130896_SRR29692889_H1_freq0.7674915247114079,H1,0.7674915247114079,C21,US_C21_like,C-C,5,0.005175983436853002,0.0,0.0,235,210,True,True
United States,PRJNA1130896,SRR29692933,PRJNA1130896_SRR29692933_H1_freq0.7019706120271837,H1,0.7019706120271837,C21,US_C21_like,C-C,5,0.005175983436853002,0.0,0.0,235,210,True,True
United States,PRJNA1130896,SRR29692939,PRJNA1130896_SRR29692939_H1_freq0.7673802146487777,H1,0.7673802146487777,C21,US_C21_like,C-C,5,0.005175983436853002,0.0,0.0,313,238,True,True
United States,PRJNA1130896,SRR29692974,PRJNA1130896_SRR29692974_H1_freq0.7389765041234515,H1,0.7389765041234515,C21,US_C21_like,C-C,5,0.005175983436853002,0.0,0.0,235,210,True,True
United States,PRJNA1130896,SRR29692985,PRJNA1130896_SRR29692985_H1_freq0.7749677936276451,H1,0.7749677936276451,C21,US_C21_like,C-C,5,0.005175983436853002,0.0,0.0,313,238,True,True
United States,PRJNA1130896,SRR29692985,PRJNA1130896_SRR29692985_H3_freq0.034096269121604725,H3,0.034096269121604725,C21,US_C21_like,C-C,5,0.005175983436853002,0.0,0.0,313,238,True,True
United States,PRJNA1130896,SRR29692998,PRJNA1130896_SRR29692998_H1_freq0.8206023801562456,H1,0.8206023801562456,C21,US_C21_like,C-C,5,0.005175983436853002,0.0,0.0,313,238,True,True
United States,PRJNA1130896,SRR29693058,PRJNA1130896_SRR29693058_H1_freq0.5381403205208668,H1,0.5381403205208668,C21,US_C21_like,C-C,5,0.005175983436853002,0.0,0.0,313,238,True,True
