project,project_label,position,aa_position,Reference,Allele,is_HVR2,samples_with_candidate_iSNV,median_frequency_percent,min_frequency_percent,max_frequency_percent,median_depth
PRJNA1037681,Australia,5520,290,A,T,True,34,6.6716999999999995,3.1716,10.609,783.0
PRJNA1037681,Australia,5544,298,C,T,True,34,92.3594,3.3413,95.7921,800.5
PRJNA1037681,Australia,5563,304,T,C,True,31,5.5516000000000005,3.666,96.2205,763.0
PRJNA1037681,Australia,5510,287,G,A,True,30,5.4712,3.1902,9.1858,821.0
PRJNA1037681,Australia,5558,303,G,A,True,29,94.291,89.5906,96.6292,728.0
PRJNA1037681,Australia,5472,274,C,T,True,8,3.91545,3.2502999999999997,5.6497,494.0
PRJNA1037681,Australia,5491,280,T,C,True,6,96.1764,3.4188000000000005,96.76209999999999,560.0
PRJNA1037681,Australia,5448,266,A,T,True,4,96.77289999999999,96.5217,96.9549,1599.5
PRJNA1037681,Australia,5486,279,G,A,True,4,3.3929,3.0246,4.4199,355.0
PRJNA1037681,Australia,5539,296,C,T,True,3,95.9029,95.5067,96.32650000000001,1046.0
PRJNA1037681,Australia,4821,57,C,T,False,2,26.210299999999997,5.084700000000001,47.335899999999995,5328.0
PRJNA1037681,Australia,5270,207,A,T,True,2,3.44305,3.254,3.6321,5174.5
PRJNA1037681,Australia,4833,61,T,A,False,1,43.9664,43.9664,43.9664,8577.0
PRJNA1037681,Australia,5099,150,C,A,False,1,96.4139,96.4139,96.4139,976.0
PRJNA1037681,Australia,5460,270,C,T,True,1,95.9872,95.9872,95.9872,623.0
PRJNA1037681,Australia,5467,272,C,T,True,1,3.2129,3.2129,3.2129,498.0
PRJNA1037681,Australia,5519,290,C,A,True,1,91.3793,91.3793,91.3793,464.0
PRJNA1037681,Australia,5532,294,C,T,True,1,9.8655,9.8655,9.8655,446.0
PRJNA1037681,Australia,5533,294,C,T,True,1,3.9940999999999995,3.9940999999999995,3.9940999999999995,676.0
PRJNA1037681,Australia,5534,295,G,A,True,1,4.661,4.661,4.661,472.0
PRJNA1037681,Australia,5566,305,A,T,True,1,6.309099999999999,6.309099999999999,6.309099999999999,317.0
PRJNA1037681,Australia,5573,308,G,A,True,1,94.382,94.382,94.382,356.0
PRJNA1037681,Australia,5574,308,A,G,True,1,3.2432000000000003,3.2432000000000003,3.2432000000000003,185.0
PRJNA1037681,Australia,5592,314,T,C,True,1,3.856,3.856,3.856,389.0
PRJNA1130896,United States,5561,304,T,C,True,57,85.73920000000001,62.54769999999999,96.319,2613.0
PRJNA1130896,United States,5531,294,T,C,True,33,86.9163,35.0877,91.5636,2954.0
PRJNA1130896,United States,5609,320,A,G,True,18,93.9426,82.793,96.28999999999999,1519.5
PRJNA1130896,United States,5512,287,A,G,True,15,86.6694,70.5882,91.0593,2217.0
PRJNA1130896,United States,5559,303,T,C,True,15,85.9722,41.1765,91.1601,1507.0
PRJNA1130896,United States,5533,294,C,A,True,14,12.84465,7.9661,35.0877,2223.0
PRJNA1130896,United States,5563,304,T,C,True,14,13.83745,7.7359,83.9951,2963.5
PRJNA1130896,United States,5520,290,A,T,True,7,15.4251,12.9893,17.1715,4564.0
PRJNA1130896,United States,5537,296,G,A,True,7,18.627299999999998,13.395199999999999,91.6319,2556.0
PRJNA1130896,United States,5540,297,T,C,True,6,16.980249999999998,7.7802999999999995,96.3274,5446.0
PRJNA1130896,United States,5544,298,C,T,True,5,85.77329999999999,82.6337,88.24849999999999,3574.0
PRJNA1130896,United States,5529,293,C,T,True,4,13.8411,11.771700000000001,90.0646,2079.0
PRJNA1130896,United States,5573,308,G,A,True,4,94.4257,89.9268,96.028,1979.5
PRJNA1130896,United States,5539,296,C,T,True,3,13.661599999999998,9.2233,85.48740000000001,1385.0
PRJNA1130896,United States,5549,300,C,T,True,3,44.4444,13.9796,76.78150000000001,2119.0
PRJNA1130896,United States,5572,307,C,T,True,3,92.4242,83.4074,92.675,3152.0
PRJNA1130896,United States,5319,223,A,G,True,2,88.3892,86.4332,90.3452,4196.0
PRJNA1130896,United States,5322,224,G,A,True,2,87.17975,84.9923,89.3672,4515.5
PRJNA1130896,United States,5511,287,A,C,True,2,7.902950000000001,7.5892,8.216700000000001,7800.5
PRJNA1130896,United States,5527,292,C,T,True,2,90.6937,89.6256,91.76180000000001,6795.5
PRJNA1130896,United States,5528,293,A,G,True,2,9.1708,8.0594,10.2822,6821.5
PRJNA1130896,United States,5530,293,C,T,True,2,90.24959999999999,88.8531,91.64609999999999,6698.0
PRJNA1130896,United States,5534,295,G,A,True,2,14.314049999999998,14.119399999999999,14.5087,3089.0
PRJNA1130896,United States,5542,297,T,C,True,2,25.071199999999997,13.1054,37.037,2484.0
PRJNA1130896,United States,5543,298,C,A,True,2,4.90135,3.5827,6.22,2870.0
PRJNA1130896,United States,5547,299,G,A,True,2,90.4202,89.46159999999999,91.3788,7036.5
PRJNA1130896,United States,5550,300,C,T,True,2,22.649050000000003,19.1672,26.1309,2632.5
PRJNA1130896,United States,5552,301,T,C,True,2,32.63495,20.825499999999998,44.4444,284.5
PRJNA1130896,United States,5574,308,A,G,True,2,3.46425,3.4574000000000003,3.4711,490.5
PRJNA1130896,United States,4705,18,C,T,False,1,96.1044,96.1044,96.1044,2721.0
PRJNA1130896,United States,4800,50,T,A,False,1,11.7713,11.7713,11.7713,11664.0
PRJNA1130896,United States,4801,50,C,G,False,1,3.2922,3.2922,3.2922,972.0
PRJNA1130896,United States,4818,56,T,C,False,1,4.4225,4.4225,4.4225,40678.0
PRJNA1130896,United States,4820,57,G,A,False,1,95.8241,95.8241,95.8241,4047.0
PRJNA1130896,United States,4899,83,T,A,False,1,4.9492,4.9492,4.9492,23721.0
PRJNA1130896,United States,4984,111,C,T,False,1,96.38170000000001,96.38170000000001,96.38170000000001,4339.0
PRJNA1130896,United States,4999,116,T,C,False,1,3.3123,3.3123,3.3123,3321.0
PRJNA1130896,United States,5010,120,C,T,False,1,3.3070000000000004,3.3070000000000004,3.3070000000000004,2782.0
PRJNA1130896,United States,5013,121,G,T,False,1,3.2520000000000002,3.2520000000000002,3.2520000000000002,2829.0
PRJNA1130896,United States,5070,140,A,T,False,1,8.2979,8.2979,8.2979,4941.0
PRJNA1130896,United States,5209,186,C,T,False,1,51.4803,51.4803,51.4803,8951.0
PRJNA1130896,United States,5221,190,A,C,False,1,14.8009,14.8009,14.8009,6128.0
PRJNA1130896,United States,5235,195,G,A,False,1,88.2833,88.2833,88.2833,5027.0
PRJNA1130896,United States,5266,205,A,G,True,1,85.2257,85.2257,85.2257,731.0
PRJNA1130896,United States,5294,215,C,T,True,1,3.7662,3.7662,3.7662,15002.0
PRJNA1130896,United States,5322,224,G,T,True,1,96.7742,96.7742,96.7742,961.0
PRJNA1130896,United States,5404,251,C,A,True,1,95.5432,95.5432,95.5432,359.0
PRJNA1130896,United States,5417,256,C,T,True,1,4.4944,4.4944,4.4944,356.0
PRJNA1130896,United States,5425,258,C,A,True,1,4.4944,4.4944,4.4944,356.0
PRJNA1130896,United States,5432,261,C,T,True,1,6.9731000000000005,6.9731000000000005,6.9731000000000005,631.0
PRJNA1130896,United States,5435,262,A,G,True,1,96.6346,96.6346,96.6346,208.0
PRJNA1130896,United States,5437,262,G,A,True,1,96.61840000000001,96.61840000000001,96.61840000000001,207.0
PRJNA1130896,United States,5448,266,A,T,True,1,5.479500000000001,5.479500000000001,5.479500000000001,292.0
PRJNA1130896,United States,5449,266,C,T,True,1,5.0,5.0,5.0,320.0
PRJNA1130896,United States,5470,273,T,C,True,1,93.5472,93.5472,93.5472,2681.0
PRJNA1130896,United States,5507,286,G,A,True,1,4.9164,4.9164,4.9164,3051.0
PRJNA1130896,United States,5509,286,G,A,True,1,13.181799999999999,13.181799999999999,13.181799999999999,220.0
PRJNA1130896,United States,5510,287,G,A,True,1,15.3252,15.3252,15.3252,3106.0
PRJNA1130896,United States,5516,289,C,T,True,1,90.8491,90.8491,90.8491,1060.0
PRJNA1130896,United States,5521,290,C,T,True,1,15.9144,15.9144,15.9144,6824.0
PRJNA1130896,United States,5530,293,C,A,True,1,85.98479999999999,85.98479999999999,85.98479999999999,3432.0
PRJNA1130896,United States,5546,299,A,G,True,1,87.8925,87.8925,87.8925,3535.0
PRJNA1130896,United States,5558,303,G,A,True,1,84.7701,84.7701,84.7701,3132.0
PRJNA1130896,United States,5562,304,A,G,True,1,90.7534,90.7534,90.7534,584.0
PRJNA1130896,United States,5575,308,G,T,True,1,4.9658,4.9658,4.9658,2779.0
PRJNA1130896,United States,5590,313,T,G,True,1,4.0,4.0,4.0,150.0
