project,SampleID,SequenceName,haplotype_id,haplotype_frequency,site_positions,site_combo,global_short_label,collection_date,selected_TreeCluster_combo,collection_dt
PRJNA1037681,SRR26779971,PRJNA1037681_SRR26779971_H1_freq0.7244699254025825,H1,0.7244699254025825,5510;5520;5544;5558;5563,G-A-T-A-T,AU-S01,2022/5/15,C4+C6,2022-05-15
PRJNA1037681,SRR26779971,PRJNA1037681_SRR26779971_H2_freq0.2755300745974175,H2,0.2755300745974175,5510;5520;5544;5558;5563,A-T-C-G-C,AU-S01,2022/5/15,C4+C6,2022-05-15
PRJNA1037681,SRR26780187,PRJNA1037681_SRR26780187_H1_freq0.7130290484420749,H1,0.7130290484420749,5510;5520;5544;5558;5563,G-A-T-A-T,AU-S02,2022/5/16,C4+C6,2022-05-16
PRJNA1037681,SRR26780187,PRJNA1037681_SRR26780187_H2_freq0.2869709515579251,H2,0.2869709515579251,5510;5520;5544;5558;5563,A-T-C-G-C,AU-S02,2022/5/16,C4+C6,2022-05-16
PRJNA1037681,SRR26780146,PRJNA1037681_SRR26780146_H1_freq0.6778673526702345,H1,0.6778673526702345,5510;5520;5544;5558;5563,G-A-T-A-T,AU-S03,2022/5/28,C4+C6,2022-05-28
PRJNA1037681,SRR26780146,PRJNA1037681_SRR26780146_H2_freq0.32213264732976554,H2,0.32213264732976554,5510;5520;5544;5558;5563,A-T-C-G-C,AU-S03,2022/5/28,C4+C6,2022-05-28
PRJNA1037681,SRR26780067,PRJNA1037681_SRR26780067_H1_freq0.5004746646779893,H1,0.5004746646779893,5510;5520;5544;5558;5563,G-A-T-A-T,AU-S04,2022/5/30,C4+C6,2022-05-30
PRJNA1037681,SRR26780067,PRJNA1037681_SRR26780067_H2_freq0.49952533532201066,H2,0.49952533532201066,5510;5520;5544;5558;5563,A-T-C-G-C,AU-S04,2022/5/30,C4+C6,2022-05-30
PRJNA1037681,SRR26780216,PRJNA1037681_SRR26780216_H1_freq0.7430072339107074,H1,0.7430072339107074,5510;5520;5544;5558;5563,G-A-T-A-T,AU-S05,2022/6/1,C4+C6,2022-06-01
PRJNA1037681,SRR26780216,PRJNA1037681_SRR26780216_H2_freq0.2569927660892926,H2,0.2569927660892926,5510;5520;5544;5558;5563,A-T-C-G-C,AU-S05,2022/6/1,C4+C6,2022-06-01
PRJNA1037681,SRR26779994,PRJNA1037681_SRR26779994_H1_freq0.7435829657337988,H1,0.7435829657337988,5510;5520;5544;5558;5563,G-A-T-A-T,AU-S06,2022/6/2,C4+C6,2022-06-02
PRJNA1037681,SRR26779994,PRJNA1037681_SRR26779994_H2_freq0.2564170342662013,H2,0.2564170342662013,5510;5520;5544;5558;5563,A-T-C-G-C,AU-S06,2022/6/2,C4+C6,2022-06-02
PRJNA1037681,SRR26780219,PRJNA1037681_SRR26780219_H1_freq0.8391451285185958,H1,0.8391451285185958,5510;5520;5544;5558;5563,G-A-T-A-T,AU-S07,2022/6/2,C4+C6,2022-06-02
PRJNA1037681,SRR26780219,PRJNA1037681_SRR26780219_H2_freq0.1608548714814041,H2,0.1608548714814041,5510;5520;5544;5558;5563,A-T-C-G-C,AU-S07,2022/6/2,C4+C6,2022-06-02
PRJNA1037681,SRR26780211,PRJNA1037681_SRR26780211_H1_freq0.7587321927000045,H1,0.7587321927000045,5510;5520;5544;5558;5563,G-A-T-A-T,AU-S08,2022/6/7,C4+C6,2022-06-07
PRJNA1037681,SRR26780211,PRJNA1037681_SRR26780211_H2_freq0.2412678072999955,H2,0.2412678072999955,5510;5520;5544;5558;5563,G-A-C-G-C,AU-S08,2022/6/7,C4+C6,2022-06-07
PRJNA1037681,SRR26780123,PRJNA1037681_SRR26780123_H1_freq0.8014507293795241,H1,0.8014507293795241,5510;5520;5544;5558;5563,G-A-T-A-T,AU-S09,2022/6/19,C4+C6,2022-06-19
PRJNA1037681,SRR26780123,PRJNA1037681_SRR26780123_H2_freq0.1985492706204759,H2,0.1985492706204759,5510;5520;5544;5558;5563,A-T-C-G-C,AU-S09,2022/6/19,C4+C6,2022-06-19
PRJNA1037681,SRR26780126,PRJNA1037681_SRR26780126_H1_freq0.6474913086872748,H1,0.6474913086872748,5510;5520;5544;5558;5563,G-A-T-A-T,AU-S10,2022/6/19,C4+C6,2022-06-19
PRJNA1037681,SRR26780126,PRJNA1037681_SRR26780126_H2_freq0.35250869131272533,H2,0.35250869131272533,5510;5520;5544;5558;5563,A-T-C-G-C,AU-S10,2022/6/19,C4+C6,2022-06-19
PRJNA1037681,SRR26780127,PRJNA1037681_SRR26780127_H1_freq0.6865493083437368,H1,0.6865493083437368,5510;5520;5544;5558;5563,G-A-T-A-T,AU-S11,2022/6/21,C4+C6,2022-06-21
PRJNA1037681,SRR26780127,PRJNA1037681_SRR26780127_H2_freq0.31345069165626327,H2,0.31345069165626327,5510;5520;5544;5558;5563,A-T-C-G-C,AU-S11,2022/6/21,C4+C6,2022-06-21
PRJNA1037681,SRR26779980,PRJNA1037681_SRR26779980_H1_freq0.8081702482091332,H1,0.8081702482091332,5510;5520;5544;5558;5563,G-A-T-A-T,AU-S12,2022/6/25,C4+C6,2022-06-25
PRJNA1037681,SRR26779980,PRJNA1037681_SRR26779980_H2_freq0.19182975179086675,H2,0.19182975179086675,5510;5520;5544;5558;5563,A-T-C-G-C,AU-S12,2022/6/25,C4+C6,2022-06-25
PRJNA1037681,SRR26780034,PRJNA1037681_SRR26780034_H1_freq0.7191127622041915,H1,0.7191127622041915,5510;5520;5544;5558;5563,G-A-T-A-T,AU-S13,2022/6/27,C4+C6,2022-06-27
PRJNA1037681,SRR26780034,PRJNA1037681_SRR26780034_H2_freq0.2808872377958085,H2,0.2808872377958085,5510;5520;5544;5558;5563,A-T-C-G-C,AU-S13,2022/6/27,C4+C6,2022-06-27
PRJNA1037681,SRR26780119,PRJNA1037681_SRR26780119_H1_freq0.7895157527822605,H1,0.7895157527822605,5510;5520;5544;5558;5563,G-A-T-A-T,AU-S14,2022/7/2,C4+C6,2022-07-02
PRJNA1037681,SRR26780119,PRJNA1037681_SRR26780119_H2_freq0.21048424721773948,H2,0.21048424721773948,5510;5520;5544;5558;5563,A-T-C-G-C,AU-S14,2022/7/2,C4+C6,2022-07-02
PRJNA1037681,SRR26780048,PRJNA1037681_SRR26780048_H1_freq0.5414835821019822,H1,0.5414835821019822,5510;5520;5544;5558;5563,G-A-T-A-T,AU-S15,2022/7/8,C4+C6,2022-07-08
PRJNA1037681,SRR26780048,PRJNA1037681_SRR26780048_H2_freq0.4585164178980177,H2,0.4585164178980177,5510;5520;5544;5558;5563,A-T-C-G-C,AU-S15,2022/7/8,C4+C6,2022-07-08
PRJNA1037681,SRR26779974,PRJNA1037681_SRR26779974_H1_freq0.7140218961845151,H1,0.7140218961845151,5510;5520;5544;5558;5563,G-A-T-A-T,AU-S16,2022/7/10,C4+C6,2022-07-10
PRJNA1037681,SRR26779974,PRJNA1037681_SRR26779974_H2_freq0.28597810381548494,H2,0.28597810381548494,5510;5520;5544;5558;5563,A-T-C-G-C,AU-S16,2022/7/10,C4+C6,2022-07-10
PRJNA1037681,SRR26779981,PRJNA1037681_SRR26779981_H1_freq0.7289970914233345,H1,0.7289970914233345,5510;5520;5544;5558;5563,G-A-T-A-T,AU-S17,2022/7/10,C4+C6,2022-07-10
PRJNA1037681,SRR26779981,PRJNA1037681_SRR26779981_H2_freq0.2710029085766656,H2,0.2710029085766656,5510;5520;5544;5558;5563,A-T-C-G-C,AU-S17,2022/7/10,C4+C6,2022-07-10
PRJNA1037681,SRR26779985,PRJNA1037681_SRR26779985_H1_freq0.7421956932422757,H1,0.7421956932422757,5510;5520;5544;5558;5563,G-A-T-A-T,AU-S18,2022/7/17,C4+C6,2022-07-17
PRJNA1037681,SRR26779985,PRJNA1037681_SRR26779985_H2_freq0.2578043067577243,H2,0.2578043067577243,5510;5520;5544;5558;5563,A-T-C-G-C,AU-S18,2022/7/17,C4+C6,2022-07-17
PRJNA1037681,SRR26780205,PRJNA1037681_SRR26780205_H1_freq0.7336107991455065,H1,0.7336107991455065,5510;5520;5544;5558;5563,G-A-T-A-T,AU-S19,2022/7/26,C4+C6,2022-07-26
PRJNA1037681,SRR26780205,PRJNA1037681_SRR26780205_H2_freq0.2663892008544935,H2,0.2663892008544935,5510;5520;5544;5558;5563,A-T-C-G-C,AU-S19,2022/7/26,C4+C6,2022-07-26
PRJNA1037681,SRR26780206,PRJNA1037681_SRR26780206_H1_freq0.6946174803270257,H1,0.6946174803270257,5510;5520;5544;5558;5563,G-A-T-A-T,AU-S20,2022/7/29,C4+C6,2022-07-29
PRJNA1037681,SRR26780206,PRJNA1037681_SRR26780206_H2_freq0.30538251967297425,H2,0.30538251967297425,5510;5520;5544;5558;5563,A-T-C-G-C,AU-S20,2022/7/29,C4+C6,2022-07-29
PRJNA1037681,SRR26780112,PRJNA1037681_SRR26780112_H1_freq0.5878352510678483,H1,0.5878352510678483,5510;5520;5544;5558;5563,G-A-T-A-T,AU-S21,2022/8/3,C4+C6,2022-08-03
PRJNA1037681,SRR26780112,PRJNA1037681_SRR26780112_H2_freq0.4121647489321518,H2,0.4121647489321518,5510;5520;5544;5558;5563,A-T-C-G-C,AU-S21,2022/8/3,C4+C6,2022-08-03
PRJNA1037681,SRR26780031,PRJNA1037681_SRR26780031_H1_freq0.6314167403432303,H1,0.6314167403432303,5510;5520;5544;5558;5563,G-A-T-A-T,AU-S22,2022/8/5,C4+C6,2022-08-05
PRJNA1037681,SRR26780031,PRJNA1037681_SRR26780031_H2_freq0.36858325965676964,H2,0.36858325965676964,5510;5520;5544;5558;5563,A-T-C-G-C,AU-S22,2022/8/5,C4+C6,2022-08-05
PRJNA1037681,SRR26780237,PRJNA1037681_SRR26780237_H1_freq0.7179327107350938,H1,0.7179327107350938,5510;5520;5544;5558;5563,G-A-T-A-T,AU-S23,2022/8/7,C4+C6,2022-08-07
PRJNA1037681,SRR26780237,PRJNA1037681_SRR26780237_H2_freq0.2820672892649062,H2,0.2820672892649062,5510;5520;5544;5558;5563,A-T-C-G-C,AU-S23,2022/8/7,C4+C6,2022-08-07
PRJNA1130896,SRR29679874,PRJNA1130896_SRR29679874_H1_freq0.7062607395302634,H1,0.7062607395302634,5531;5561,C-C,US-S01,2023/10/13,C18+C21,2023-10-13
PRJNA1130896,SRR29679874,PRJNA1130896_SRR29679874_H2_freq0.29373926046973664,H2,0.29373926046973664,5531;5561,T-T,US-S01,2023/10/13,C18+C21,2023-10-13
PRJNA1130896,SRR29679814,PRJNA1130896_SRR29679814_H1_freq0.6512253869143104,H1,0.6512253869143104,5531;5561,C-C,US-S02,2023/10/22,C18+C21,2023-10-22
PRJNA1130896,SRR29679814,PRJNA1130896_SRR29679814_H2_freq0.34877461308568963,H2,0.34877461308568963,5531;5561,T-T,US-S02,2023/10/22,C18+C21,2023-10-22
PRJNA1130896,SRR29679729,PRJNA1130896_SRR29679729_H1_freq0.6862293117449161,H1,0.6862293117449161,5531;5561,C-C,US-S03,2023/11/3,C18+C21,2023-11-03
PRJNA1130896,SRR29679729,PRJNA1130896_SRR29679729_H2_freq0.3137706882550839,H2,0.3137706882550839,5531;5561,T-T,US-S03,2023/11/3,C18+C21,2023-11-03
PRJNA1130896,SRR29679728,PRJNA1130896_SRR29679728_H1_freq0.7524420061319879,H1,0.7524420061319879,5531;5561,C-C,US-S04,2023/11/4,C18+C21,2023-11-04
PRJNA1130896,SRR29679728,PRJNA1130896_SRR29679728_H2_freq0.24755799386801214,H2,0.24755799386801214,5531;5561,T-T,US-S04,2023/11/4,C18+C21,2023-11-04
PRJNA1130896,SRR29679823,PRJNA1130896_SRR29679823_H1_freq0.7433248411941512,H1,0.7433248411941512,5531;5561,C-C,US-S05,2023/11/7,C18+C21,2023-11-07
PRJNA1130896,SRR29679823,PRJNA1130896_SRR29679823_H2_freq0.2566751588058488,H2,0.2566751588058488,5531;5561,T-T,US-S05,2023/11/7,C18+C21,2023-11-07
PRJNA1130896,SRR29679723,PRJNA1130896_SRR29679723_H1_freq0.7513122981544529,H1,0.7513122981544529,5531;5561,C-C,US-S06,2023/11/10,C18+C21,2023-11-10
PRJNA1130896,SRR29679723,PRJNA1130896_SRR29679723_H2_freq0.24868770184554714,H2,0.24868770184554714,5531;5561,T-T,US-S06,2023/11/10,C18+C21,2023-11-10
PRJNA1130896,SRR29679837,PRJNA1130896_SRR29679837_H1_freq0.7475688409467328,H1,0.7475688409467328,5531;5561,C-C,US-S07,2023/11/17,C18+C21,2023-11-17
PRJNA1130896,SRR29679837,PRJNA1130896_SRR29679837_H2_freq0.25243115905326724,H2,0.25243115905326724,5531;5561,T-T,US-S07,2023/11/17,C18+C21,2023-11-17
PRJNA1130896,SRR29679854,PRJNA1130896_SRR29679854_H1_freq0.6929496476250449,H1,0.6929496476250449,5531;5561,C-C,US-S08,2023/11/18,C18+C21,2023-11-18
PRJNA1130896,SRR29679854,PRJNA1130896_SRR29679854_H2_freq0.3070503523749552,H2,0.3070503523749552,5531;5561,T-T,US-S08,2023/11/18,C18+C21,2023-11-18
PRJNA1130896,SRR29679842,PRJNA1130896_SRR29679842_H1_freq0.7967298438348422,H1,0.7967298438348422,5531;5561,C-C,US-S09,2023/11/19,C18+C21,2023-11-19
PRJNA1130896,SRR29679842,PRJNA1130896_SRR29679842_H2_freq0.20327015616515776,H2,0.20327015616515776,5531;5561,T-T,US-S09,2023/11/19,C18+C21,2023-11-19
PRJNA1130896,SRR29679864,PRJNA1130896_SRR29679864_H1_freq0.7175939119785557,H1,0.7175939119785557,5531;5561,C-C,US-S10,2023/11/19,C18+C21,2023-11-19
PRJNA1130896,SRR29679864,PRJNA1130896_SRR29679864_H2_freq0.2568436189062811,H2,0.2568436189062811,5531;5561,T-T,US-S10,2023/11/19,C18+C21,2023-11-19
PRJNA1130896,SRR29679851,PRJNA1130896_SRR29679851_H1_freq0.7404175546367235,H1,0.7404175546367235,5531;5561,C-C,US-S11,2023/11/21,C18+C21,2023-11-21
PRJNA1130896,SRR29679851,PRJNA1130896_SRR29679851_H2_freq0.2595824453632764,H2,0.2595824453632764,5531;5561,T-T,US-S11,2023/11/21,C18+C21,2023-11-21
PRJNA1130896,SRR29679716,PRJNA1130896_SRR29679716_H1_freq0.7456968501149668,H1,0.7456968501149668,5531;5561,C-C,US-S12,2023/11/23,C18+C21,2023-11-23
PRJNA1130896,SRR29679716,PRJNA1130896_SRR29679716_H2_freq0.25430314988503316,H2,0.25430314988503316,5531;5561,T-T,US-S12,2023/11/23,C18+C21,2023-11-23
PRJNA1130896,SRR29679852,PRJNA1130896_SRR29679852_H1_freq0.694323438141934,H1,0.694323438141934,5531;5561,C-C,US-S13,2023/11/30,C18+C21,2023-11-30
PRJNA1130896,SRR29679852,PRJNA1130896_SRR29679852_H2_freq0.2771542826458662,H2,0.2771542826458662,5531;5561,T-T,US-S13,2023/11/30,C18+C21,2023-11-30
PRJNA1130896,SRR29692831,PRJNA1130896_SRR29692831_H1_freq0.6098850456486777,H1,0.6098850456486777,5531;5561,C-C,US-S14,2023/12/2,C18+C21,2023-12-02
PRJNA1130896,SRR29692831,PRJNA1130896_SRR29692831_H2_freq0.3901149543513222,H2,0.3901149543513222,5531;5561,T-T,US-S14,2023/12/2,C18+C21,2023-12-02
PRJNA1130896,SRR29679738,PRJNA1130896_SRR29679738_H1_freq0.7560412528436443,H1,0.7560412528436443,5531;5561,C-C,US-S15,2023/12/5,C18+C21,2023-12-05
PRJNA1130896,SRR29679738,PRJNA1130896_SRR29679738_H2_freq0.24395874715635568,H2,0.24395874715635568,5531;5561,T-T,US-S15,2023/12/5,C18+C21,2023-12-05
PRJNA1130896,SRR29692875,PRJNA1130896_SRR29692875_H1_freq0.736073626686376,H1,0.736073626686376,5531;5561,C-C,US-S16,2023/12/11,C18+C21,2023-12-11
PRJNA1130896,SRR29692875,PRJNA1130896_SRR29692875_H2_freq0.26392637331362406,H2,0.26392637331362406,5531;5561,T-T,US-S16,2023/12/11,C18+C21,2023-12-11
PRJNA1130896,SRR29692998,PRJNA1130896_SRR29692998_H1_freq0.8206023801562456,H1,0.8206023801562456,5531;5561,C-C,US-S17,2023/12/17,C18+C21,2023-12-17
PRJNA1130896,SRR29692998,PRJNA1130896_SRR29692998_H2_freq0.17939761984375438,H2,0.17939761984375438,5531;5561,T-T,US-S17,2023/12/17,C18+C21,2023-12-17
PRJNA1130896,SRR29692933,PRJNA1130896_SRR29692933_H1_freq0.7019706120271837,H1,0.7019706120271837,5531;5561,C-C,US-S18,2023/12/23,C18+C21,2023-12-23
PRJNA1130896,SRR29692933,PRJNA1130896_SRR29692933_H2_freq0.29802938797281625,H2,0.29802938797281625,5531;5561,T-T,US-S18,2023/12/23,C18+C21,2023-12-23
PRJNA1130896,SRR29692818,PRJNA1130896_SRR29692818_H1_freq0.6067793744122282,H1,0.6067793744122282,5531;5561,C-C,US-S19,2023/12/27,C18+C21,2023-12-27
PRJNA1130896,SRR29692818,PRJNA1130896_SRR29692818_H2_freq0.3932206255877718,H2,0.3932206255877718,5531;5561,T-T,US-S19,2023/12/27,C18+C21,2023-12-27
PRJNA1130896,SRR29692985,PRJNA1130896_SRR29692985_H1_freq0.7749677936276451,H1,0.7749677936276451,5531;5561,C-C,US-S20,2023/12/27,C18+C21,2023-12-27
PRJNA1130896,SRR29692985,PRJNA1130896_SRR29692985_H2_freq0.19093593725075014,H2,0.19093593725075014,5531;5561,T-T,US-S20,2023/12/27,C18+C21,2023-12-27
PRJNA1130896,SRR29692985,PRJNA1130896_SRR29692985_H3_freq0.034096269121604725,H3,0.034096269121604725,5531;5561,C-C,US-S20,2023/12/27,C18+C21,2023-12-27
PRJNA1130896,SRR29692939,PRJNA1130896_SRR29692939_H1_freq0.7673802146487777,H1,0.7673802146487777,5531;5561,C-C,US-S21,2023/12/28,C18+C21,2023-12-28
PRJNA1130896,SRR29692939,PRJNA1130896_SRR29692939_H2_freq0.23261978535122224,H2,0.23261978535122224,5531;5561,T-T,US-S21,2023/12/28,C18+C21,2023-12-28
PRJNA1130896,SRR29692889,PRJNA1130896_SRR29692889_H1_freq0.7674915247114079,H1,0.7674915247114079,5531;5561,C-C,US-S22,2024/1/2,C18+C21,2024-01-02
PRJNA1130896,SRR29692889,PRJNA1130896_SRR29692889_H2_freq0.2325084752885921,H2,0.2325084752885921,5531;5561,T-T,US-S22,2024/1/2,C18+C21,2024-01-02
PRJNA1130896,SRR29692974,PRJNA1130896_SRR29692974_H1_freq0.7389765041234515,H1,0.7389765041234515,5531;5561,C-C,US-S23,2024/1/2,C18+C21,2024-01-02
PRJNA1130896,SRR29692974,PRJNA1130896_SRR29692974_H2_freq0.26102349587654844,H2,0.26102349587654844,5531;5561,T-T,US-S23,2024/1/2,C18+C21,2024-01-02
PRJNA1130896,SRR29692854,PRJNA1130896_SRR29692854_H1_freq0.7965665110589417,H1,0.7965665110589417,5531;5561,C-C,US-S24,2024/2/3,C18+C21,2024-02-03
PRJNA1130896,SRR29692854,PRJNA1130896_SRR29692854_H2_freq0.2034334889410583,H2,0.2034334889410583,5531;5561,T-T,US-S24,2024/2/3,C18+C21,2024-02-03
PRJNA1130896,SRR29692857,PRJNA1130896_SRR29692857_H1_freq0.7993982309039193,H1,0.7993982309039193,5531;5561,C-C,US-S25,2024/2/5,C18+C21,2024-02-05
PRJNA1130896,SRR29692857,PRJNA1130896_SRR29692857_H2_freq0.2006017690960808,H2,0.2006017690960808,5531;5561,T-T,US-S25,2024/2/5,C18+C21,2024-02-05
PRJNA1130896,SRR29693058,PRJNA1130896_SRR29693058_H1_freq0.5381403205208668,H1,0.5381403205208668,5531;5561,C-C,US-S26,2024/4/24,C18+C21,2024-04-24
PRJNA1130896,SRR29693058,PRJNA1130896_SRR29693058_H2_freq0.4618596794791332,H2,0.4618596794791332,5531;5561,T-T,US-S26,2024/4/24,C18+C21,2024-04-24
