project,SampleID,global_short_label,A-T-C-G-C,C-C,G-A-C-G-C,G-A-T-A-T,T-T
PRJNA1037681,SRR26779971,AU-S01,0.2755300745974175,0.0,0.0,0.7244699254025825,0.0
PRJNA1037681,SRR26779974,AU-S16,0.28597810381548494,0.0,0.0,0.7140218961845151,0.0
PRJNA1037681,SRR26779980,AU-S12,0.19182975179086675,0.0,0.0,0.8081702482091332,0.0
PRJNA1037681,SRR26779981,AU-S17,0.2710029085766656,0.0,0.0,0.7289970914233345,0.0
PRJNA1037681,SRR26779985,AU-S18,0.2578043067577243,0.0,0.0,0.7421956932422757,0.0
PRJNA1037681,SRR26779994,AU-S06,0.2564170342662013,0.0,0.0,0.7435829657337988,0.0
PRJNA1037681,SRR26780031,AU-S22,0.36858325965676964,0.0,0.0,0.6314167403432303,0.0
PRJNA1037681,SRR26780034,AU-S13,0.2808872377958085,0.0,0.0,0.7191127622041915,0.0
PRJNA1037681,SRR26780048,AU-S15,0.4585164178980177,0.0,0.0,0.5414835821019822,0.0
PRJNA1037681,SRR26780067,AU-S04,0.49952533532201066,0.0,0.0,0.5004746646779893,0.0
PRJNA1037681,SRR26780112,AU-S21,0.4121647489321518,0.0,0.0,0.5878352510678483,0.0
PRJNA1037681,SRR26780119,AU-S14,0.21048424721773948,0.0,0.0,0.7895157527822605,0.0
PRJNA1037681,SRR26780123,AU-S09,0.1985492706204759,0.0,0.0,0.8014507293795241,0.0
PRJNA1037681,SRR26780126,AU-S10,0.35250869131272533,0.0,0.0,0.6474913086872748,0.0
PRJNA1037681,SRR26780127,AU-S11,0.31345069165626327,0.0,0.0,0.6865493083437368,0.0
PRJNA1037681,SRR26780146,AU-S03,0.32213264732976554,0.0,0.0,0.6778673526702345,0.0
PRJNA1037681,SRR26780187,AU-S02,0.2869709515579251,0.0,0.0,0.7130290484420749,0.0
PRJNA1037681,SRR26780205,AU-S19,0.2663892008544935,0.0,0.0,0.7336107991455065,0.0
PRJNA1037681,SRR26780206,AU-S20,0.30538251967297425,0.0,0.0,0.6946174803270257,0.0
PRJNA1037681,SRR26780211,AU-S08,0.0,0.0,0.2412678072999955,0.7587321927000045,0.0
PRJNA1037681,SRR26780216,AU-S05,0.2569927660892926,0.0,0.0,0.7430072339107074,0.0
PRJNA1037681,SRR26780219,AU-S07,0.1608548714814041,0.0,0.0,0.8391451285185958,0.0
PRJNA1037681,SRR26780237,AU-S23,0.2820672892649062,0.0,0.0,0.7179327107350938,0.0
PRJNA1130896,SRR29679716,US-S12,0.0,0.7456968501149668,0.0,0.0,0.25430314988503316
PRJNA1130896,SRR29679723,US-S06,0.0,0.7513122981544529,0.0,0.0,0.24868770184554714
PRJNA1130896,SRR29679728,US-S04,0.0,0.7524420061319879,0.0,0.0,0.24755799386801214
PRJNA1130896,SRR29679729,US-S03,0.0,0.6862293117449161,0.0,0.0,0.3137706882550839
PRJNA1130896,SRR29679738,US-S15,0.0,0.7560412528436443,0.0,0.0,0.24395874715635568
PRJNA1130896,SRR29679814,US-S02,0.0,0.6512253869143104,0.0,0.0,0.34877461308568963
PRJNA1130896,SRR29679823,US-S05,0.0,0.7433248411941512,0.0,0.0,0.2566751588058488
PRJNA1130896,SRR29679837,US-S07,0.0,0.7475688409467328,0.0,0.0,0.25243115905326724
PRJNA1130896,SRR29679842,US-S09,0.0,0.7967298438348422,0.0,0.0,0.20327015616515776
PRJNA1130896,SRR29679851,US-S11,0.0,0.7404175546367235,0.0,0.0,0.2595824453632764
PRJNA1130896,SRR29679852,US-S13,0.0,0.694323438141934,0.0,0.0,0.2771542826458662
PRJNA1130896,SRR29679854,US-S08,0.0,0.6929496476250449,0.0,0.0,0.3070503523749552
PRJNA1130896,SRR29679864,US-S10,0.0,0.7175939119785557,0.0,0.0,0.2568436189062811
PRJNA1130896,SRR29679874,US-S01,0.0,0.7062607395302634,0.0,0.0,0.29373926046973664
PRJNA1130896,SRR29692818,US-S19,0.0,0.6067793744122282,0.0,0.0,0.3932206255877718
PRJNA1130896,SRR29692831,US-S14,0.0,0.6098850456486777,0.0,0.0,0.3901149543513222
PRJNA1130896,SRR29692854,US-S24,0.0,0.7965665110589417,0.0,0.0,0.2034334889410583
PRJNA1130896,SRR29692857,US-S25,0.0,0.7993982309039193,0.0,0.0,0.2006017690960808
PRJNA1130896,SRR29692875,US-S16,0.0,0.736073626686376,0.0,0.0,0.26392637331362406
PRJNA1130896,SRR29692889,US-S22,0.0,0.7674915247114079,0.0,0.0,0.2325084752885921
PRJNA1130896,SRR29692933,US-S18,0.0,0.7019706120271837,0.0,0.0,0.29802938797281625
PRJNA1130896,SRR29692939,US-S21,0.0,0.7673802146487777,0.0,0.0,0.23261978535122224
PRJNA1130896,SRR29692974,US-S23,0.0,0.7389765041234515,0.0,0.0,0.26102349587654844
PRJNA1130896,SRR29692985,US-S20,0.0,0.8090640627492498,0.0,0.0,0.19093593725075014
PRJNA1130896,SRR29692998,US-S17,0.0,0.8206023801562456,0.0,0.0,0.17939761984375438
PRJNA1130896,SRR29693058,US-S26,0.0,0.5381403205208668,0.0,0.0,0.4618596794791332
